id,context,chars,source_text,translation
"plant.tomato.name","Plant name — shown as a card title and in search. Keep the common name gardeners in the target locale would actually use; add the botanical name only if there is no common one.",6,"Tomato",""
"plant.tomato.notes","Growing advice for Tomato. Horticultural accuracy matters more than literal fidelity — adapt to local practice if the technique differs, and flag anything that would not apply in the target region.",251,"Tomatoes thrive in warm sunny spots with rich soil and steady watering. Basil and marigolds grow especially well nearby. Support vines early with cages or stakes for healthier fruit and airflow. Harvest once fruits are fully colored and slightly soft.",""
"plant.pepper.name","Plant name — shown as a card title and in search. Keep the common name gardeners in the target locale would actually use; add the botanical name only if there is no common one.",6,"Pepper",""
"plant.pepper.notes","Growing advice for Pepper. Horticultural accuracy matters more than literal fidelity — adapt to local practice if the technique differs, and flag anything that would not apply in the target region.",226,"Peppers love heat and consistent moisture but dislike soggy roots. They grow best in nutrient-rich soil with plenty of sun. Harvest green for a sharper flavor or allow peppers to fully ripen for sweeter taste and deeper color.",""
"plant.carrot.name","Plant name — shown as a card title and in search. Keep the common name gardeners in the target locale would actually use; add the botanical name only if there is no common one.",6,"Carrot",""
"plant.carrot.notes","Growing advice for Carrot. Horticultural accuracy matters more than literal fidelity — adapt to local practice if the technique differs, and flag anything that would not apply in the target region.",224,"Carrots grow best in loose sandy soil free of rocks so roots stay straight and smooth. Keep soil moist during germination and thin seedlings early for larger harvests. Harvest once roots begin pushing above the soil surface.",""
"plant.lettuce.name","Plant name — shown as a card title and in search. Keep the common name gardeners in the target locale would actually use; add the botanical name only if there is no common one.",7,"Lettuce",""
"plant.lettuce.notes","Growing advice for Lettuce. Horticultural accuracy matters more than literal fidelity — adapt to local practice if the technique differs, and flag anything that would not apply in the target region.",220,"Lettuce grows quickly in cooler weather and benefits from afternoon shade in warm climates. Frequent harvesting encourages fresh tender leaves throughout the season. Heat may cause plants to bolt and turn bitter quickly.",""
"plant.spinach.name","Plant name — shown as a card title and in search. Keep the common name gardeners in the target locale would actually use; add the botanical name only if there is no common one.",7,"Spinach",""
"plant.spinach.notes","Growing advice for Spinach. Horticultural accuracy matters more than literal fidelity — adapt to local practice if the technique differs, and flag anything that would not apply in the target region.",192,"Spinach prefers cool temperatures with steady moisture and rich soil. Harvest outer leaves often to keep plants producing longer. Warm weather can trigger bolting and reduce leaf quality fast.",""
"plant.cucumber.name","Plant name — shown as a card title and in search. Keep the common name gardeners in the target locale would actually use; add the botanical name only if there is no common one.",8,"Cucumber",""
"plant.cucumber.notes","Growing advice for Cucumber. Horticultural accuracy matters more than literal fidelity — adapt to local practice if the technique differs, and flag anything that would not apply in the target region.",213,"Cucumbers grow rapidly in warm weather with steady watering and rich soil. Trellising improves airflow, saves space, and keeps fruit cleaner. Harvest frequently while fruits are firm and young for the best flavor.",""
"plant.zucchini.name","Plant name — shown as a card title and in search. Keep the common name gardeners in the target locale would actually use; add the botanical name only if there is no common one.",8,"Zucchini",""
"plant.zucchini.notes","Growing advice for Zucchini. Horticultural accuracy matters more than literal fidelity — adapt to local practice if the technique differs, and flag anything that would not apply in the target region.",217,"Zucchini produces heavily in warm sunny gardens with fertile soil and regular watering. Harvest fruits while still small and tender to encourage continued production. Good airflow helps prevent mildew and pest issues.",""
"plant.green-bean.name","Plant name — shown as a card title and in search. Keep the common name gardeners in the target locale would actually use; add the botanical name only if there is no common one.",10,"Green Bean",""
"plant.green-bean.notes","Growing advice for Green Bean. Horticultural accuracy matters more than literal fidelity — adapt to local practice if the technique differs, and flag anything that would not apply in the target region.",186,"Green beans grow fast in warm soil with full sun and moderate watering. Picking pods regularly keeps plants productive longer. Avoid planting near onions or garlic which may slow growth.",""
"plant.corn.name","Plant name — shown as a card title and in search. Keep the common name gardeners in the target locale would actually use; add the botanical name only if there is no common one.",4,"Corn",""
"plant.corn.notes","Growing advice for Corn. Horticultural accuracy matters more than literal fidelity — adapt to local practice if the technique differs, and flag anything that would not apply in the target region.",197,"Corn needs full sun, rich soil, and plenty of space for strong pollination. Planting in blocks instead of rows helps ears fill out properly. Harvest once kernels release a milky juice when pressed.",""
"plant.potato.name","Plant name — shown as a card title and in search. Keep the common name gardeners in the target locale would actually use; add the botanical name only if there is no common one.",6,"Potato",""
"plant.potato.notes","Growing advice for Potato. Horticultural accuracy matters more than literal fidelity — adapt to local practice if the technique differs, and flag anything that would not apply in the target region.",210,"Potatoes grow best in loose soil with steady moisture and cool roots. Hill soil around stems as plants grow to protect forming tubers from sunlight. Harvest early for tender potatoes or later for storage crops.",""
"plant.broccoli.name","Plant name — shown as a card title and in search. Keep the common name gardeners in the target locale would actually use; add the botanical name only if there is no common one.",8,"Broccoli",""
"plant.broccoli.notes","Growing advice for Broccoli. Horticultural accuracy matters more than literal fidelity — adapt to local practice if the technique differs, and flag anything that would not apply in the target region.",199,"Broccoli thrives during cooler seasons with rich soil and consistent watering. Harvest the main head before flowers open to encourage side shoots later. Heat stress can cause loose heads and bolting.",""
"plant.cauliflower.name","Plant name — shown as a card title and in search. Keep the common name gardeners in the target locale would actually use; add the botanical name only if there is no common one.",11,"Cauliflower",""
"plant.cauliflower.notes","Growing advice for Cauliflower. Horticultural accuracy matters more than literal fidelity — adapt to local practice if the technique differs, and flag anything that would not apply in the target region.",179,"Cauliflower prefers cool weather and very steady growing conditions. Keep soil moist and fertile for dense healthy heads. Heat and uneven watering may cause small or loose growth.",""
"plant.cabbage.name","Plant name — shown as a card title and in search. Keep the common name gardeners in the target locale would actually use; add the botanical name only if there is no common one.",7,"Cabbage",""
"plant.cabbage.notes","Growing advice for Cabbage. Horticultural accuracy matters more than literal fidelity — adapt to local practice if the technique differs, and flag anything that would not apply in the target region.",195,"Cabbage grows best in sunny cool-weather gardens with fertile soil and steady moisture. Heads should feel dense and firm before harvest. Watch for cabbage worms and splitting during rapid growth.",""
"plant.kale.name","Plant name — shown as a card title and in search. Keep the common name gardeners in the target locale would actually use; add the botanical name only if there is no common one.",4,"Kale",""
"plant.kale.notes","Growing advice for Kale. Horticultural accuracy matters more than literal fidelity — adapt to local practice if the technique differs, and flag anything that would not apply in the target region.",210,"Kale handles cool temperatures extremely well and often tastes sweeter after frost. Harvest outer leaves regularly while the center continues producing. Warm weather may create tougher leaves and pest pressure.",""
"plant.beet.name","Plant name — shown as a card title and in search. Keep the common name gardeners in the target locale would actually use; add the botanical name only if there is no common one.",4,"Beet",""
"plant.beet.notes","Growing advice for Beet. Horticultural accuracy matters more than literal fidelity — adapt to local practice if the technique differs, and flag anything that would not apply in the target region.",198,"Beets grow quickly in loose fertile soil with regular watering. Both roots and leafy tops are edible and productive throughout the season. Thin seedlings early to allow roots enough room to size up.",""
"plant.radish.name","Plant name — shown as a card title and in search. Keep the common name gardeners in the target locale would actually use; add the botanical name only if there is no common one.",6,"Radish",""
"plant.radish.notes","Growing advice for Radish. Horticultural accuracy matters more than literal fidelity — adapt to local practice if the technique differs, and flag anything that would not apply in the target region.",193,"Radishes mature quickly in cool weather and loose moist soil. Harvest promptly once roots reach size to avoid woody texture or excessive spice. Crowded plants may struggle to form proper roots.",""
"plant.onion.name","Plant name — shown as a card title and in search. Keep the common name gardeners in the target locale would actually use; add the botanical name only if there is no common one.",5,"Onion",""
"plant.onion.notes","Growing advice for Onion. Horticultural accuracy matters more than literal fidelity — adapt to local practice if the technique differs, and flag anything that would not apply in the target region.",181,"Onions need full sun and loose soil for healthy bulb development. Reduce watering as bulbs mature to improve storage quality. Harvest once tops naturally fall over and begin drying.",""
"plant.garlic.name","Plant name — shown as a card title and in search. Keep the common name gardeners in the target locale would actually use; add the botanical name only if there is no common one.",6,"Garlic",""
"plant.garlic.notes","Growing advice for Garlic. Horticultural accuracy matters more than literal fidelity — adapt to local practice if the technique differs, and flag anything that would not apply in the target region.",206,"Garlic grows best when planted in fall and overwintered for larger bulbs. Use rich well-draining soil and avoid overly wet conditions. Harvest once lower leaves brown while upper leaves remain partly green.",""
"plant.pea.name","Plant name — shown as a card title and in search. Keep the common name gardeners in the target locale would actually use; add the botanical name only if there is no common one.",3,"Pea",""
"plant.pea.notes","Growing advice for Pea. Horticultural accuracy matters more than literal fidelity — adapt to local practice if the technique differs, and flag anything that would not apply in the target region.",185,"Peas thrive in cool weather with steady moisture and support for climbing varieties. Harvest pods while still tender for the best flavor and texture. Heat can quickly reduce production.",""
"plant.pumpkin.name","Plant name — shown as a card title and in search. Keep the common name gardeners in the target locale would actually use; add the botanical name only if there is no common one.",7,"Pumpkin",""
"plant.pumpkin.notes","Growing advice for Pumpkin. Horticultural accuracy matters more than literal fidelity — adapt to local practice if the technique differs, and flag anything that would not apply in the target region.",207,"Pumpkins require warm temperatures, rich soil, and plenty of growing space. Consistent watering supports larger healthier fruit throughout the season. Harvest once rinds harden and develop deep mature color.",""
"plant.strawberry.name","Plant name — shown as a card title and in search. Keep the common name gardeners in the target locale would actually use; add the botanical name only if there is no common one.",10,"Strawberry",""
"plant.strawberry.notes","Growing advice for Strawberry. Horticultural accuracy matters more than literal fidelity — adapt to local practice if the technique differs, and flag anything that would not apply in the target region.",215,"Strawberries grow best in sunny areas with rich slightly acidic soil and steady moisture. Mulch helps protect fruit and keeps berries cleaner. Harvest once berries are fully red and fragrant for the sweetest flavor.",""
"plant.watermelon.name","Plant name — shown as a card title and in search. Keep the common name gardeners in the target locale would actually use; add the botanical name only if there is no common one.",10,"Watermelon",""
"plant.watermelon.notes","Growing advice for Watermelon. Horticultural accuracy matters more than literal fidelity — adapt to local practice if the technique differs, and flag anything that would not apply in the target region.",209,"Watermelons need long warm seasons, rich soil, and plenty of space to spread. Deep watering supports healthy vines and sweeter fruit. Harvest once the underside turns creamy yellow and nearby tendrils dry out.",""
"plant.apple.name","Plant name — shown as a card title and in search. Keep the common name gardeners in the target locale would actually use; add the botanical name only if there is no common one.",5,"Apple",""
"plant.apple.notes","Growing advice for Apple. Horticultural accuracy matters more than literal fidelity — adapt to local practice if the technique differs, and flag anything that would not apply in the target region.",203,"Apple trees thrive in full sun with strong airflow and well-draining soil. Many varieties need another nearby apple tree for pollination. Harvest once fruits color fully and release easily from branches.",""
"plant.orange.name","Plant name — shown as a card title and in search. Keep the common name gardeners in the target locale would actually use; add the botanical name only if there is no common one.",6,"Orange",""
"plant.orange.notes","Growing advice for Orange. Horticultural accuracy matters more than literal fidelity — adapt to local practice if the technique differs, and flag anything that would not apply in the target region.",218,"Orange trees prefer warm sunny climates with soil that drains well. Water deeply and allow roots to dry slightly between waterings. Protect young trees from frost and harvest once fruit becomes sweet and fully colored.",""
"plant.lemon.name","Plant name — shown as a card title and in search. Keep the common name gardeners in the target locale would actually use; add the botanical name only if there is no common one.",5,"Lemon",""
"plant.lemon.notes","Growing advice for Lemon. Horticultural accuracy matters more than literal fidelity — adapt to local practice if the technique differs, and flag anything that would not apply in the target region.",210,"Lemon trees grow best in warm sunny conditions with fast-draining soil. Regular feeding helps maintain healthy leaves and strong fruit production. Harvest lemons once bright yellow, fragrant, and slightly firm.",""
"plant.basil.name","Plant name — shown as a card title and in search. Keep the common name gardeners in the target locale would actually use; add the botanical name only if there is no common one.",5,"Basil",""
"plant.basil.notes","Growing advice for Basil. Horticultural accuracy matters more than literal fidelity — adapt to local practice if the technique differs, and flag anything that would not apply in the target region.",204,"Basil loves warm weather, rich soil, and steady moisture. Pinching stems often encourages fuller bushier growth throughout the season. Basil pairs especially well near tomatoes and peppers in garden beds.",""
"plant.marigold.name","Plant name — shown as a card title and in search. Keep the common name gardeners in the target locale would actually use; add the botanical name only if there is no common one.",8,"Marigold",""
"plant.marigold.notes","Growing advice for Marigold. Horticultural accuracy matters more than literal fidelity — adapt to local practice if the technique differs, and flag anything that would not apply in the target region.",215,"Marigolds bloom heavily in sunny spots and are commonly planted beside vegetables. Their bright flowers attract pollinators and may help reduce pest activity nearby. Remove old blooms regularly for longer flowering.",""
"plant.parsley.name","Plant name — shown as a card title and in search. Keep the common name gardeners in the target locale would actually use; add the botanical name only if there is no common one.",7,"Parsley",""
"plant.parsley.notes","Growing advice for Parsley. Horticultural accuracy matters more than literal fidelity — adapt to local practice if the technique differs, and flag anything that would not apply in the target region.",202,"Parsley grows steadily in rich moist soil with full sun or partial shade. Harvest outer stems first so fresh growth continues from the center. Consistent watering helps leaves stay tender and flavorful.",""
"plant.fennel.name","Plant name — shown as a card title and in search. Keep the common name gardeners in the target locale would actually use; add the botanical name only if there is no common one.",6,"Fennel",""
"plant.fennel.notes","Growing advice for Fennel. Horticultural accuracy matters more than literal fidelity — adapt to local practice if the technique differs, and flag anything that would not apply in the target region.",198,"Fennel prefers warm sunny gardens with loose fertile soil and even moisture. It grows best with extra space because nearby plants may struggle around it. Harvest bulbs once swollen but still tender.",""
"plant.cilantro.name","Plant name — shown as a card title and in search. Keep the common name gardeners in the target locale would actually use; add the botanical name only if there is no common one.",8,"Cilantro",""
"plant.cilantro.notes","Growing advice for Cilantro. Horticultural accuracy matters more than literal fidelity — adapt to local practice if the technique differs, and flag anything that would not apply in the target region.",196,"Cilantro grows quickly during cooler weather with light consistent moisture. Harvest leaves often before flowering for the best flavor and longest harvest period. Heat can quickly trigger bolting.",""
"plant.mint.name","Plant name — shown as a card title and in search. Keep the common name gardeners in the target locale would actually use; add the botanical name only if there is no common one.",4,"Mint",""
"plant.mint.notes","Growing advice for Mint. Horticultural accuracy matters more than literal fidelity — adapt to local practice if the technique differs, and flag anything that would not apply in the target region.",190,"Mint grows aggressively in moist rich soil with partial sun or light shade. Containers help control spreading roots and runners. Frequent harvesting keeps plants full, fresh, and productive.",""
"plant.rosemary.name","Plant name — shown as a card title and in search. Keep the common name gardeners in the target locale would actually use; add the botanical name only if there is no common one.",8,"Rosemary",""
"plant.rosemary.notes","Growing advice for Rosemary. Horticultural accuracy matters more than literal fidelity — adapt to local practice if the technique differs, and flag anything that would not apply in the target region.",184,"Rosemary thrives in sunny dry conditions with sandy fast-draining soil. Avoid overwatering because roots dislike staying wet. Trim sprigs regularly to encourage compact healthy growth.",""
"plant.thyme.name","Plant name — shown as a card title and in search. Keep the common name gardeners in the target locale would actually use; add the botanical name only if there is no common one.",5,"Thyme",""
"plant.thyme.notes","Growing advice for Thyme. Horticultural accuracy matters more than literal fidelity — adapt to local practice if the technique differs, and flag anything that would not apply in the target region.",190,"Thyme prefers full sun and slightly dry soil with excellent drainage. Small regular harvests help plants stay compact and aromatic. Too much moisture may weaken flavor and cause root issues.",""
"plant.celery.name","Plant name — shown as a card title and in search. Keep the common name gardeners in the target locale would actually use; add the botanical name only if there is no common one.",6,"Celery",""
"plant.celery.notes","Growing advice for Celery. Horticultural accuracy matters more than literal fidelity — adapt to local practice if the technique differs, and flag anything that would not apply in the target region.",205,"Celery needs rich soil, cool temperatures, and very steady moisture for crisp stalks. Dry conditions may cause bitterness or hollow stems. Harvest outer stalks first or remove the entire plant once mature.",""
"plant.leek.name","Plant name — shown as a card title and in search. Keep the common name gardeners in the target locale would actually use; add the botanical name only if there is no common one.",4,"Leek",""
"plant.leek.notes","Growing advice for Leek. Horticultural accuracy matters more than literal fidelity — adapt to local practice if the technique differs, and flag anything that would not apply in the target region.",183,"Leeks grow best in fertile loose soil with consistent watering and full sun. Mounding soil around stems creates longer tender white shanks. Harvest once stalks reach usable thickness.",""
"plant.swiss-chard.name","Plant name — shown as a card title and in search. Keep the common name gardeners in the target locale would actually use; add the botanical name only if there is no common one.",11,"Swiss Chard",""
"plant.swiss-chard.notes","Growing advice for Swiss Chard. Horticultural accuracy matters more than literal fidelity — adapt to local practice if the technique differs, and flag anything that would not apply in the target region.",198,"Swiss chard handles heat better than many leafy greens and produces for long periods. Harvest outer leaves often while the center continues growing. Consistent watering keeps leaves tender and mild.",""
"plant.bok-choy.name","Plant name — shown as a card title and in search. Keep the common name gardeners in the target locale would actually use; add the botanical name only if there is no common one.",8,"Bok Choy",""
"plant.bok-choy.notes","Growing advice for Bok Choy. Horticultural accuracy matters more than literal fidelity — adapt to local practice if the technique differs, and flag anything that would not apply in the target region.",177,"Bok choy grows quickly in cool weather with rich moist soil and steady watering. Harvest baby plants early or allow heads to fully mature. Warm temperatures may trigger bolting.",""
"plant.raspberry.name","Plant name — shown as a card title and in search. Keep the common name gardeners in the target locale would actually use; add the botanical name only if there is no common one.",9,"Raspberry",""
"plant.raspberry.notes","Growing advice for Raspberry. Horticultural accuracy matters more than literal fidelity — adapt to local practice if the technique differs, and flag anything that would not apply in the target region.",200,"Raspberries thrive in sunny areas with rich slightly acidic soil and strong airflow. Pruning old canes each year improves fruit production and plant health. Harvest berries once they pull free easily.",""
"plant.mango.name","Plant name — shown as a card title and in search. Keep the common name gardeners in the target locale would actually use; add the botanical name only if there is no common one.",5,"Mango",""
"plant.mango.notes","Growing advice for Mango. Horticultural accuracy matters more than literal fidelity — adapt to local practice if the technique differs, and flag anything that would not apply in the target region.",208,"Mango trees love warm frost-free climates with deep well-draining soil and full sun. Young trees benefit from protection against strong wind and cold. Harvest fruit once color deepens and aroma becomes sweet.",""
"plant.peach.name","Plant name — shown as a card title and in search. Keep the common name gardeners in the target locale would actually use; add the botanical name only if there is no common one.",5,"Peach",""
"plant.peach.notes","Growing advice for Peach. Horticultural accuracy matters more than literal fidelity — adapt to local practice if the technique differs, and flag anything that would not apply in the target region.",199,"Peach trees prefer full sun with well-draining soil and good air circulation. Thinning young fruit produces larger, sweeter peaches. Harvest once fruit softens slightly and releases a rich fragrance.",""
"plant.pear.name","Plant name — shown as a card title and in search. Keep the common name gardeners in the target locale would actually use; add the botanical name only if there is no common one.",4,"Pear",""
"plant.pear.notes","Growing advice for Pear. Horticultural accuracy matters more than literal fidelity — adapt to local practice if the technique differs, and flag anything that would not apply in the target region.",202,"Pear trees prefer full sun with well-draining soil and good airflow. Many varieties fruit better with a second pear tree nearby for pollination. Harvest while still firm and let them ripen off the tree.",""
"plant.plum.name","Plant name — shown as a card title and in search. Keep the common name gardeners in the target locale would actually use; add the botanical name only if there is no common one.",4,"Plum",""
"plant.plum.notes","Growing advice for Plum. Horticultural accuracy matters more than literal fidelity — adapt to local practice if the technique differs, and flag anything that would not apply in the target region.",191,"Plum trees grow best in full sun with fertile, well-draining soil. Thinning young fruit produces larger, sweeter plums. Harvest once fruit softens slightly and comes away with a gentle twist.",""
"plant.cherry.name","Plant name — shown as a card title and in search. Keep the common name gardeners in the target locale would actually use; add the botanical name only if there is no common one.",6,"Cherry",""
"plant.cherry.notes","Growing advice for Cherry. Horticultural accuracy matters more than literal fidelity — adapt to local practice if the technique differs, and flag anything that would not apply in the target region.",170,"Cherry trees love full sun and deep, well-draining soil. Netting helps protect ripening fruit from hungry birds. Harvest once cherries are fully colored, firm, and sweet.",""
"plant.apricot.name","Plant name — shown as a card title and in search. Keep the common name gardeners in the target locale would actually use; add the botanical name only if there is no common one.",7,"Apricot",""
"plant.apricot.notes","Growing advice for Apricot. Horticultural accuracy matters more than literal fidelity — adapt to local practice if the technique differs, and flag anything that would not apply in the target region.",203,"Apricot trees prefer full sun and thrive where late frosts are rare. Well-draining soil and good airflow keep trees healthy. Harvest once fruit is fragrant, softened, and easily released from the branch.",""
"plant.fig.name","Plant name — shown as a card title and in search. Keep the common name gardeners in the target locale would actually use; add the botanical name only if there is no common one.",3,"Fig",""
"plant.fig.notes","Growing advice for Fig. Horticultural accuracy matters more than literal fidelity — adapt to local practice if the technique differs, and flag anything that would not apply in the target region.",199,"Fig trees love warm sunny spots with well-draining soil and tolerate some drought. Protect young trees from hard frost in cooler zones. Harvest figs once they soften and droop slightly on the branch.",""
"plant.pomegranate.name","Plant name — shown as a card title and in search. Keep the common name gardeners in the target locale would actually use; add the botanical name only if there is no common one.",11,"Pomegranate",""
"plant.pomegranate.notes","Growing advice for Pomegranate. Horticultural accuracy matters more than literal fidelity — adapt to local practice if the technique differs, and flag anything that would not apply in the target region.",210,"Pomegranates love hot dry summers with full sun and well-draining soil. Established trees tolerate drought once their roots are deep. Harvest once fruit is deeply colored and makes a metallic sound when tapped.",""
"plant.avocado.name","Plant name — shown as a card title and in search. Keep the common name gardeners in the target locale would actually use; add the botanical name only if there is no common one.",7,"Avocado",""
"plant.avocado.notes","Growing advice for Avocado. Horticultural accuracy matters more than literal fidelity — adapt to local practice if the technique differs, and flag anything that would not apply in the target region.",179,"Avocado trees need warm frost-free climates with full sun and fast-draining soil. Protect young trees from wind and cold. Harvest while firm and let the fruit soften off the tree.",""
"plant.banana.name","Plant name — shown as a card title and in search. Keep the common name gardeners in the target locale would actually use; add the botanical name only if there is no common one.",6,"Banana",""
"plant.banana.notes","Growing advice for Banana. Horticultural accuracy matters more than literal fidelity — adapt to local practice if the technique differs, and flag anything that would not apply in the target region.",195,"Banana plants need heat, humidity, and rich moist soil to thrive. Shelter from wind protects their large delicate leaves. Harvest once fruit plumps and rounds, then ripen the bunch off the plant.",""
"plant.grapefruit.name","Plant name — shown as a card title and in search. Keep the common name gardeners in the target locale would actually use; add the botanical name only if there is no common one.",10,"Grapefruit",""
"plant.grapefruit.notes","Growing advice for Grapefruit. Horticultural accuracy matters more than literal fidelity — adapt to local practice if the technique differs, and flag anything that would not apply in the target region.",198,"Grapefruit trees need warm, frost-free climates with full sun and fast-draining soil. Deep, infrequent watering supports healthy roots. Harvest once fruit is fully colored, heavy, and slightly soft.",""
"plant.mandarin.name","Plant name — shown as a card title and in search. Keep the common name gardeners in the target locale would actually use; add the botanical name only if there is no common one.",8,"Mandarin",""
"plant.mandarin.notes","Growing advice for Mandarin. Horticultural accuracy matters more than literal fidelity — adapt to local practice if the technique differs, and flag anything that would not apply in the target region.",183,"Mandarin trees thrive in warm sunny spots with well-draining soil. They tolerate container growing better than many citrus. Harvest once fruit is deeply colored and peels away easily.",""
"plant.lime.name","Plant name — shown as a card title and in search. Keep the common name gardeners in the target locale would actually use; add the botanical name only if there is no common one.",4,"Lime",""
"plant.lime.notes","Growing advice for Lime. Horticultural accuracy matters more than literal fidelity — adapt to local practice if the technique differs, and flag anything that would not apply in the target region.",198,"Lime trees prefer warm frost-free climates with full sun and fast-draining soil. Protect from cold snaps to avoid dropping fruit. Harvest while green and firm for the brightest, most fragrant juice.",""
"plant.grapes.name","Plant name — shown as a card title and in search. Keep the common name gardeners in the target locale would actually use; add the botanical name only if there is no common one.",6,"Grapes",""
"plant.grapes.notes","Growing advice for Grapes. Horticultural accuracy matters more than literal fidelity — adapt to local practice if the technique differs, and flag anything that would not apply in the target region.",195,"Grapes need full sun, sturdy support, and well-draining soil to thrive. Annual pruning is essential for strong vines and quality fruit. Harvest clusters once fully colored and sweet to the taste.",""
"plant.honeydew.name","Plant name — shown as a card title and in search. Keep the common name gardeners in the target locale would actually use; add the botanical name only if there is no common one.",8,"Honeydew",""
"plant.honeydew.notes","Growing advice for Honeydew. Horticultural accuracy matters more than literal fidelity — adapt to local practice if the technique differs, and flag anything that would not apply in the target region.",197,"Honeydew melons need long warm seasons, rich soil, and room to spread. Deep watering supports sweeter fruit and healthy vines. Harvest once the rind turns creamy and the blossom end gives slightly.",""
"plant.eggplant.name","Plant name — shown as a card title and in search. Keep the common name gardeners in the target locale would actually use; add the botanical name only if there is no common one.",8,"Eggplant",""
"plant.eggplant.notes","Growing advice for Eggplant. Horticultural accuracy matters more than literal fidelity — adapt to local practice if the technique differs, and flag anything that would not apply in the target region.",206,"Eggplant loves long stretches of heat with rich soil and steady moisture. Full sun produces the healthiest plants and glossiest fruit. Harvest while skins are firm and shiny for the best texture and flavor.",""
"plant.okra.name","Plant name — shown as a card title and in search. Keep the common name gardeners in the target locale would actually use; add the botanical name only if there is no common one.",4,"Okra",""
"plant.okra.notes","Growing advice for Okra. Horticultural accuracy matters more than literal fidelity — adapt to local practice if the technique differs, and flag anything that would not apply in the target region.",195,"Okra thrives in hot weather with full sun and well-draining soil. Regular picking keeps pods tender and encourages continued production. Harvest pods while young and small before they turn woody.",""
"plant.sweet-potato.name","Plant name — shown as a card title and in search. Keep the common name gardeners in the target locale would actually use; add the botanical name only if there is no common one.",12,"Sweet Potato",""
"plant.sweet-potato.notes","Growing advice for Sweet Potato. Horticultural accuracy matters more than literal fidelity — adapt to local practice if the technique differs, and flag anything that would not apply in the target region.",204,"Sweet potatoes thrive in warm loose soil with full sun and room for sprawling vines. They tolerate heat and drought better than most root crops. Harvest before the first frost once tubers reach full size.",""
"plant.blueberry.name","Plant name — shown as a card title and in search. Keep the common name gardeners in the target locale would actually use; add the botanical name only if there is no common one.",9,"Blueberry",""
"plant.blueberry.notes","Growing advice for Blueberry. Horticultural accuracy matters more than literal fidelity — adapt to local practice if the technique differs, and flag anything that would not apply in the target region.",191,"Blueberries need acidic well-draining soil and full sun to produce well. Mulching helps retain moisture and keep roots cool. Harvest once berries turn fully blue and detach with a gentle tug.",""
"plant.blackberry.name","Plant name — shown as a card title and in search. Keep the common name gardeners in the target locale would actually use; add the botanical name only if there is no common one.",10,"Blackberry",""
"plant.blackberry.notes","Growing advice for Blackberry. Horticultural accuracy matters more than literal fidelity — adapt to local practice if the technique differs, and flag anything that would not apply in the target region.",202,"Blackberries grow vigorously in sunny spots with rich soil and good airflow. Pruning spent canes each year keeps plants healthy and productive. Harvest once berries turn deep black and pull away easily.",""
"plant.boysenberry.name","Plant name — shown as a card title and in search. Keep the common name gardeners in the target locale would actually use; add the botanical name only if there is no common one.",11,"Boysenberry",""
"plant.boysenberry.notes","Growing advice for Boysenberry. Horticultural accuracy matters more than literal fidelity — adapt to local practice if the technique differs, and flag anything that would not apply in the target region.",190,"Boysenberries thrive in full sun with rich soil and sturdy support for their trailing canes. Prune old canes yearly to keep plants vigorous. Harvest once berries turn deep purple and soften.",""
"plant.marionberry.name","Plant name — shown as a card title and in search. Keep the common name gardeners in the target locale would actually use; add the botanical name only if there is no common one.",11,"Marionberry",""
"plant.marionberry.notes","Growing advice for Marionberry. Horticultural accuracy matters more than literal fidelity — adapt to local practice if the technique differs, and flag anything that would not apply in the target region.",206,"Marionberries grow best in full sun with rich, well-draining soil and trellised canes. Regular pruning improves airflow and yield. Harvest once berries are glossy, deep black, and release with a light pull.",""
"plant.mulberry.name","Plant name — shown as a card title and in search. Keep the common name gardeners in the target locale would actually use; add the botanical name only if there is no common one.",8,"Mulberry",""
"plant.mulberry.notes","Growing advice for Mulberry. Horticultural accuracy matters more than literal fidelity — adapt to local practice if the technique differs, and flag anything that would not apply in the target region.",181,"Mulberries grow vigorously in full sun with room to spread. They fruit heavily with little fuss once established. Harvest once berries turn deep and drop easily with a gentle shake.",""
"plant.gooseberry.name","Plant name — shown as a card title and in search. Keep the common name gardeners in the target locale would actually use; add the botanical name only if there is no common one.",10,"Gooseberry",""
"plant.gooseberry.notes","Growing advice for Gooseberry. Horticultural accuracy matters more than literal fidelity — adapt to local practice if the technique differs, and flag anything that would not apply in the target region.",174,"Gooseberries prefer cool climates with rich soil and partial to full sun. Good airflow reduces mildew on the dense branches. Harvest once berries soften and reach full color.",""
"plant.currant.name","Plant name — shown as a card title and in search. Keep the common name gardeners in the target locale would actually use; add the botanical name only if there is no common one.",7,"Currant",""
"plant.currant.notes","Growing advice for Currant. Horticultural accuracy matters more than literal fidelity — adapt to local practice if the technique differs, and flag anything that would not apply in the target region.",192,"Currants thrive in cooler climates with moist, fertile soil and partial shade. Annual pruning keeps plants productive and open. Harvest whole clusters once berries are firm and richly colored.",""
"plant.cranberry.name","Plant name — shown as a card title and in search. Keep the common name gardeners in the target locale would actually use; add the botanical name only if there is no common one.",9,"Cranberry",""
"plant.cranberry.notes","Growing advice for Cranberry. Horticultural accuracy matters more than literal fidelity — adapt to local practice if the technique differs, and flag anything that would not apply in the target region.",170,"Cranberries need acidic, consistently moist soil and full sun to thrive. They spread as low trailing vines over time. Harvest in fall once berries turn deep red and firm.",""
"plant.elderberry.name","Plant name — shown as a card title and in search. Keep the common name gardeners in the target locale would actually use; add the botanical name only if there is no common one.",10,"Elderberry",""
"plant.elderberry.notes","Growing advice for Elderberry. Horticultural accuracy matters more than literal fidelity — adapt to local practice if the technique differs, and flag anything that would not apply in the target region.",176,"Elderberries grow fast in full sun with moist, fertile soil. Planting two shrubs improves pollination and yields. Harvest entire clusters once berries turn dark and fully ripe.",""
"plant.oregano.name","Plant name — shown as a card title and in search. Keep the common name gardeners in the target locale would actually use; add the botanical name only if there is no common one.",7,"Oregano",""
"plant.oregano.notes","Growing advice for Oregano. Horticultural accuracy matters more than literal fidelity — adapt to local practice if the technique differs, and flag anything that would not apply in the target region.",229,"Oregano is a hardy perennial that loves full sun and well-drained soil. It tolerates dry conditions once established and develops stronger flavor with less water. Trim regularly to keep it bushy and prevent it from turning woody.",""
"plant.sage.name","Plant name — shown as a card title and in search. Keep the common name gardeners in the target locale would actually use; add the botanical name only if there is no common one.",4,"Sage",""
"plant.sage.notes","Growing advice for Sage. Horticultural accuracy matters more than literal fidelity — adapt to local practice if the technique differs, and flag anything that would not apply in the target region.",214,"Sage thrives in full sun with well-drained soil and needs little watering once established. Its silvery leaves are prone to rot in soggy conditions, so avoid overwatering. Prune in spring to encourage fresh growth.",""
"plant.dill.name","Plant name — shown as a card title and in search. Keep the common name gardeners in the target locale would actually use; add the botanical name only if there is no common one.",4,"Dill",""
"plant.dill.notes","Growing advice for Dill. Horticultural accuracy matters more than literal fidelity — adapt to local practice if the technique differs, and flag anything that would not apply in the target region.",220,"Dill grows quickly in full sun and prefers to be sown directly since it dislikes transplanting. It pairs well with cabbage and cucumbers but keep it away from carrots. Harvest leaves before flowering for the best flavor.",""
"plant.chives.name","Plant name — shown as a card title and in search. Keep the common name gardeners in the target locale would actually use; add the botanical name only if there is no common one.",6,"Chives",""
"plant.chives.notes","Growing advice for Chives. Horticultural accuracy matters more than literal fidelity — adapt to local practice if the technique differs, and flag anything that would not apply in the target region.",210,"Chives are an easy, low-maintenance perennial that grows in tidy clumps. They prefer full sun but tolerate partial shade and enjoy steady moisture. Snip leaves regularly, and the purple blossoms are edible too.",""
"plant.tarragon.name","Plant name — shown as a card title and in search. Keep the common name gardeners in the target locale would actually use; add the botanical name only if there is no common one.",8,"Tarragon",""
"plant.tarragon.notes","Growing advice for Tarragon. Horticultural accuracy matters more than literal fidelity — adapt to local practice if the technique differs, and flag anything that would not apply in the target region.",201,"French tarragon prefers full sun to light shade and well-drained soil that isn't too rich. Let the soil dry between waterings to avoid root rot. Divide plants every few years to keep the flavor strong.",""
"plant.lavender.name","Plant name — shown as a card title and in search. Keep the common name gardeners in the target locale would actually use; add the botanical name only if there is no common one.",8,"Lavender",""
"plant.lavender.notes","Growing advice for Lavender. Horticultural accuracy matters more than literal fidelity — adapt to local practice if the technique differs, and flag anything that would not apply in the target region.",208,"Lavender loves full sun, sandy well-drained soil, and dry conditions once established. Overwatering is the most common way to lose it. Prune after flowering to keep the plant compact and encourage new blooms.",""
"plant.lemongrass.name","Plant name — shown as a card title and in search. Keep the common name gardeners in the target locale would actually use; add the botanical name only if there is no common one.",10,"Lemongrass",""
"plant.lemongrass.notes","Growing advice for Lemongrass. Horticultural accuracy matters more than literal fidelity — adapt to local practice if the technique differs, and flag anything that would not apply in the target region.",202,"Lemongrass loves heat, full sun, and consistently moist soil. It grows into tall grassy clumps and can be divided to make new plants. In cooler zones, grow it in a pot and bring it indoors before frost.",""
"plant.marjoram.name","Plant name — shown as a card title and in search. Keep the common name gardeners in the target locale would actually use; add the botanical name only if there is no common one.",8,"Marjoram",""
"plant.marjoram.notes","Growing advice for Marjoram. Horticultural accuracy matters more than literal fidelity — adapt to local practice if the technique differs, and flag anything that would not apply in the target region.",195,"Marjoram is a tender relative of oregano with a milder, sweeter flavor. It prefers full sun and well-drained soil and dislikes wet feet. Pinch back regularly to keep it bushy and delay flowering.",""
"plant.bay-laurel.name","Plant name — shown as a card title and in search. Keep the common name gardeners in the target locale would actually use; add the botanical name only if there is no common one.",10,"Bay Laurel",""
"plant.bay-laurel.notes","Growing advice for Bay Laurel. Horticultural accuracy matters more than literal fidelity — adapt to local practice if the technique differs, and flag anything that would not apply in the target region.",213,"Bay laurel is a slow-growing evergreen shrub that supplies fresh and dried bay leaves. It likes full sun to partial shade and well-drained soil. In colder zones grow it in a container so it can overwinter indoors.",""
"plant.chamomile.name","Plant name — shown as a card title and in search. Keep the common name gardeners in the target locale would actually use; add the botanical name only if there is no common one.",9,"Chamomile",""
"plant.chamomile.notes","Growing advice for Chamomile. Horticultural accuracy matters more than literal fidelity — adapt to local practice if the technique differs, and flag anything that would not apply in the target region.",216,"Chamomile produces cheerful daisy-like flowers prized for tea. It thrives in full sun to light shade and tolerates poor soil. Harvest the flowers when petals are fully open, and it will often self-seed for next year.",""
"plant.catnip.name","Plant name — shown as a card title and in search. Keep the common name gardeners in the target locale would actually use; add the botanical name only if there is no common one.",6,"Catnip",""
"plant.catnip.notes","Growing advice for Catnip. Horticultural accuracy matters more than literal fidelity — adapt to local practice if the technique differs, and flag anything that would not apply in the target region.",213,"Catnip is a vigorous member of the mint family that grows easily in full sun and average soil. It can spread aggressively, so a container helps keep it in check. Cats adore it, and its flowers attract pollinators.",""
"plant.stevia.name","Plant name — shown as a card title and in search. Keep the common name gardeners in the target locale would actually use; add the botanical name only if there is no common one.",6,"Stevia",""
"plant.stevia.notes","Growing advice for Stevia. Horticultural accuracy matters more than literal fidelity — adapt to local practice if the technique differs, and flag anything that would not apply in the target region.",227,"Stevia's leaves are naturally sweet and grow best in full sun with warm temperatures and steady moisture. It is frost-tender, so treat it as an annual in cooler zones. Harvest leaves before the plant flowers for peak sweetness.",""
"plant.sorrel.name","Plant name — shown as a card title and in search. Keep the common name gardeners in the target locale would actually use; add the botanical name only if there is no common one.",6,"Sorrel",""
"plant.sorrel.notes","Growing advice for Sorrel. Horticultural accuracy matters more than literal fidelity — adapt to local practice if the technique differs, and flag anything that would not apply in the target region.",211,"Sorrel is a hardy perennial with tangy, lemony leaves. It prefers full sun to partial shade and moist, rich soil. Harvest young leaves often for the mildest flavor and remove flower stalks to keep leaves coming.",""
"plant.summer-savory.name","Plant name — shown as a card title and in search. Keep the common name gardeners in the target locale would actually use; add the botanical name only if there is no common one.",13,"Summer Savory",""
"plant.summer-savory.notes","Growing advice for Summer Savory. Horticultural accuracy matters more than literal fidelity — adapt to local practice if the technique differs, and flag anything that would not apply in the target region.",201,"Summer savory is a peppery annual herb that pairs classically with beans. It likes full sun and well-drained soil with moderate water. Harvest sprigs just before flowering when the flavor is strongest.",""
"plant.lovage.name","Plant name — shown as a card title and in search. Keep the common name gardeners in the target locale would actually use; add the botanical name only if there is no common one.",6,"Lovage",""
"plant.lovage.notes","Growing advice for Lovage. Horticultural accuracy matters more than literal fidelity — adapt to local practice if the technique differs, and flag anything that would not apply in the target region.",214,"Lovage is a tall perennial with a bold celery-like flavor. It thrives in full sun to partial shade and rich, moist soil. Give it plenty of room, as it can reach several feet, and harvest leaves and stems as needed.",""
"plant.turmeric.name","Plant name — shown as a card title and in search. Keep the common name gardeners in the target locale would actually use; add the botanical name only if there is no common one.",8,"Turmeric",""
"plant.turmeric.notes","Growing advice for Turmeric. Horticultural accuracy matters more than literal fidelity — adapt to local practice if the technique differs, and flag anything that would not apply in the target region.",212,"Turmeric is a tropical rhizome that needs warmth, humidity, and rich, moist soil. It takes many months to mature, so start it early or grow in a pot indoors. Harvest the roots once the leaves yellow and die back.",""
"plant.ginger.name","Plant name — shown as a card title and in search. Keep the common name gardeners in the target locale would actually use; add the botanical name only if there is no common one.",6,"Ginger",""
"plant.ginger.notes","Growing advice for Ginger. Horticultural accuracy matters more than literal fidelity — adapt to local practice if the technique differs, and flag anything that would not apply in the target region.",200,"Ginger grows from rhizomes in warm, humid conditions with rich, well-draining soil and partial shade. It dislikes direct harsh sun. Harvest after eight to ten months once the foliage begins to yellow.",""
"plant.anise.name","Plant name — shown as a card title and in search. Keep the common name gardeners in the target locale would actually use; add the botanical name only if there is no common one.",5,"Anise",""
"plant.anise.notes","Growing advice for Anise. Horticultural accuracy matters more than literal fidelity — adapt to local practice if the technique differs, and flag anything that would not apply in the target region.",219,"Anise is an annual grown for its licorice-flavored seeds. It needs full sun, well-drained soil, and a long warm season to ripen seeds. Sow directly since it resents transplanting, and harvest seed heads once they brown.",""
"plant.borage.name","Plant name — shown as a card title and in search. Keep the common name gardeners in the target locale would actually use; add the botanical name only if there is no common one.",6,"Borage",""
"plant.borage.notes","Growing advice for Borage. Horticultural accuracy matters more than literal fidelity — adapt to local practice if the technique differs, and flag anything that would not apply in the target region.",214,"Borage is an easygoing annual with edible star-shaped blue flowers that pollinators love. It grows in full sun and average soil and self-seeds readily. It makes an excellent companion for tomatoes and strawberries.",""
"plant.chervil.name","Plant name — shown as a card title and in search. Keep the common name gardeners in the target locale would actually use; add the botanical name only if there is no common one.",7,"Chervil",""
"plant.chervil.notes","Growing advice for Chervil. Horticultural accuracy matters more than literal fidelity — adapt to local practice if the technique differs, and flag anything that would not apply in the target region.",202,"Chervil is a delicate annual with a mild parsley-anise flavor that prefers cool weather and partial shade. It bolts quickly in heat, so grow it in spring and fall. Sow directly and harvest leaves young.",""
"plant.brussels-sprouts.name","Plant name — shown as a card title and in search. Keep the common name gardeners in the target locale would actually use; add the botanical name only if there is no common one.",16,"Brussels Sprouts",""
"plant.brussels-sprouts.notes","Growing advice for Brussels Sprouts. Horticultural accuracy matters more than literal fidelity — adapt to local practice if the technique differs, and flag anything that would not apply in the target region.",208,"Brussels sprouts need a long cool growing season and taste sweeter after a light frost. Give them full sun, rich soil, and steady moisture. Harvest sprouts from the bottom of the stalk upward as they firm up.",""
"plant.collard-greens.name","Plant name — shown as a card title and in search. Keep the common name gardeners in the target locale would actually use; add the botanical name only if there is no common one.",14,"Collard Greens",""
"plant.collard-greens.notes","Growing advice for Collard Greens. Horticultural accuracy matters more than literal fidelity — adapt to local practice if the technique differs, and flag anything that would not apply in the target region.",204,"Collards are heat- and cold-tolerant leafy greens that grow in full sun and rich soil. They shrug off light frosts, which sweetens the leaves. Harvest outer leaves as needed and the plant keeps producing.",""
"plant.mustard-greens.name","Plant name — shown as a card title and in search. Keep the common name gardeners in the target locale would actually use; add the botanical name only if there is no common one.",14,"Mustard Greens",""
"plant.mustard-greens.notes","Growing advice for Mustard Greens. Horticultural accuracy matters more than literal fidelity — adapt to local practice if the technique differs, and flag anything that would not apply in the target region.",204,"Mustard greens grow fast in cool weather with full sun and steady moisture. Their peppery leaves turn bitter and bolt in heat, so grow them in spring and fall. Harvest young leaves for the mildest flavor.",""
"plant.arugula.name","Plant name — shown as a card title and in search. Keep the common name gardeners in the target locale would actually use; add the botanical name only if there is no common one.",7,"Arugula",""
"plant.arugula.notes","Growing advice for Arugula. Horticultural accuracy matters more than literal fidelity — adapt to local practice if the technique differs, and flag anything that would not apply in the target region.",204,"Arugula is a fast-growing peppery green that thrives in cool weather and partial shade in warm climates. It bolts quickly in heat, so sow small batches often. Harvest outer leaves young for a milder bite.",""
"plant.kohlrabi.name","Plant name — shown as a card title and in search. Keep the common name gardeners in the target locale would actually use; add the botanical name only if there is no common one.",8,"Kohlrabi",""
"plant.kohlrabi.notes","Growing advice for Kohlrabi. Horticultural accuracy matters more than literal fidelity — adapt to local practice if the technique differs, and flag anything that would not apply in the target region.",206,"Kohlrabi forms a crisp swollen stem best grown in cool weather with full sun and even moisture. Harvest when bulbs are two to three inches across, before they turn woody. Both spring and fall crops do well.",""
"plant.endive.name","Plant name — shown as a card title and in search. Keep the common name gardeners in the target locale would actually use; add the botanical name only if there is no common one.",6,"Endive",""
"plant.endive.notes","Growing advice for Endive. Horticultural accuracy matters more than literal fidelity — adapt to local practice if the technique differs, and flag anything that would not apply in the target region.",202,"Endive is a slightly bitter salad green that prefers cool weather and steady moisture. Blanch the centers by tying outer leaves together to reduce bitterness. Grow it in spring or fall to avoid bolting.",""
"plant.radicchio.name","Plant name — shown as a card title and in search. Keep the common name gardeners in the target locale would actually use; add the botanical name only if there is no common one.",9,"Radicchio",""
"plant.radicchio.notes","Growing advice for Radicchio. Horticultural accuracy matters more than literal fidelity — adapt to local practice if the technique differs, and flag anything that would not apply in the target region.",210,"Radicchio forms tight ruby heads and develops its best color and flavor in cool fall weather. Give it full sun and consistent moisture. A light frost mellows the bitterness, so it is often grown as a fall crop.",""
"plant.watercress.name","Plant name — shown as a card title and in search. Keep the common name gardeners in the target locale would actually use; add the botanical name only if there is no common one.",10,"Watercress",""
"plant.watercress.notes","Growing advice for Watercress. Horticultural accuracy matters more than literal fidelity — adapt to local practice if the technique differs, and flag anything that would not apply in the target region.",203,"Watercress craves constantly wet, cool conditions and grows well near water or in a tray kept flooded. It prefers partial shade in warm climates. Harvest tender stem tips often to keep new growth coming.",""
"plant.romaine.name","Plant name — shown as a card title and in search. Keep the common name gardeners in the target locale would actually use; add the botanical name only if there is no common one.",7,"Romaine",""
"plant.romaine.notes","Growing advice for Romaine. Horticultural accuracy matters more than literal fidelity — adapt to local practice if the technique differs, and flag anything that would not apply in the target region.",225,"Romaine is an upright crisp lettuce that grows best in cool weather with full sun and steady moisture. It tolerates a bit more heat than looseleaf types but still bolts if it gets too hot. Harvest whole heads or outer leaves.",""
"plant.napa-cabbage.name","Plant name — shown as a card title and in search. Keep the common name gardeners in the target locale would actually use; add the botanical name only if there is no common one.",12,"Napa Cabbage",""
"plant.napa-cabbage.notes","Growing advice for Napa Cabbage. Horticultural accuracy matters more than literal fidelity — adapt to local practice if the technique differs, and flag anything that would not apply in the target region.",218,"Napa cabbage forms elongated tender heads and grows best in cool weather with rich, moist soil. It is prone to bolting if started too late in spring, so fall crops are often more reliable. Harvest once heads feel firm.",""
"plant.turnip.name","Plant name — shown as a card title and in search. Keep the common name gardeners in the target locale would actually use; add the botanical name only if there is no common one.",6,"Turnip",""
"plant.turnip.notes","Growing advice for Turnip. Horticultural accuracy matters more than literal fidelity — adapt to local practice if the technique differs, and flag anything that would not apply in the target region.",216,"Turnips grow quickly in cool weather and provide both roots and edible greens. Sow directly in loose soil and thin seedlings for good root development. Harvest roots young, around two inches, for the sweetest flavor.",""
"plant.rutabaga.name","Plant name — shown as a card title and in search. Keep the common name gardeners in the target locale would actually use; add the botanical name only if there is no common one.",8,"Rutabaga",""
"plant.rutabaga.notes","Growing advice for Rutabaga. Horticultural accuracy matters more than literal fidelity — adapt to local practice if the technique differs, and flag anything that would not apply in the target region.",209,"Rutabaga is a hearty root that needs a long cool season to mature and sweetens after frost. Give it loose, rich soil and steady water. Sow in mid to late summer for a fall harvest and lift before hard freezes.",""
"plant.parsnip.name","Plant name — shown as a card title and in search. Keep the common name gardeners in the target locale would actually use; add the botanical name only if there is no common one.",7,"Parsnip",""
"plant.parsnip.notes","Growing advice for Parsnip. Horticultural accuracy matters more than literal fidelity — adapt to local practice if the technique differs, and flag anything that would not apply in the target region.",214,"Parsnips need deep, loose, stone-free soil and a long season to develop their sweet roots. Their flavor improves dramatically after a frost. Sow fresh seed directly, keep soil moist for germination, and be patient.",""
"plant.horseradish.name","Plant name — shown as a card title and in search. Keep the common name gardeners in the target locale would actually use; add the botanical name only if there is no common one.",11,"Horseradish",""
"plant.horseradish.notes","Growing advice for Horseradish. Horticultural accuracy matters more than literal fidelity — adapt to local practice if the technique differs, and flag anything that would not apply in the target region.",225,"Horseradish is a vigorous perennial grown for its pungent root. It thrives in full sun and deep, rich soil and can spread, so give it a dedicated bed. Harvest roots in late fall after the tops die back for the strongest bite.",""
"plant.escarole.name","Plant name — shown as a card title and in search. Keep the common name gardeners in the target locale would actually use; add the botanical name only if there is no common one.",8,"Escarole",""
"plant.escarole.notes","Growing advice for Escarole. Horticultural accuracy matters more than literal fidelity — adapt to local practice if the technique differs, and flag anything that would not apply in the target region.",208,"Escarole is a broad-leaved, mildly bitter green in the chicory family. It prefers cool weather, full sun, and even moisture. Blanch the center leaves for a milder taste and harvest before summer heat sets in.",""
"plant.shallot.name","Plant name — shown as a card title and in search. Keep the common name gardeners in the target locale would actually use; add the botanical name only if there is no common one.",7,"Shallot",""
"plant.shallot.notes","Growing advice for Shallot. Horticultural accuracy matters more than literal fidelity — adapt to local practice if the technique differs, and flag anything that would not apply in the target region.",211,"Shallots grow in clusters from a single bulb and prefer full sun with loose, fertile soil. Plant sets in spring or fall and keep beds weed-free. Harvest when the tops flop over and yellow, then cure for storage.",""
"plant.scallion.name","Plant name — shown as a card title and in search. Keep the common name gardeners in the target locale would actually use; add the botanical name only if there is no common one.",8,"Scallion",""
"plant.scallion.notes","Growing advice for Scallion. Horticultural accuracy matters more than literal fidelity — adapt to local practice if the technique differs, and flag anything that would not apply in the target region.",208,"Scallions, or green onions, are quick and forgiving, growing in full sun with steady moisture. Sow in succession for a continuous supply. Harvest whenever the tops reach usable size, or leave them to thicken.",""
"plant.rhubarb.name","Plant name — shown as a card title and in search. Keep the common name gardeners in the target locale would actually use; add the botanical name only if there is no common one.",7,"Rhubarb",""
"plant.rhubarb.notes","Growing advice for Rhubarb. Horticultural accuracy matters more than literal fidelity — adapt to local practice if the technique differs, and flag anything that would not apply in the target region.",207,"Rhubarb is a cold-hardy perennial grown for its tart edible stalks; the leaves are toxic and should never be eaten. Give it full sun and rich soil. Avoid harvesting the first year so the crown can establish.",""
"plant.asparagus.name","Plant name — shown as a card title and in search. Keep the common name gardeners in the target locale would actually use; add the botanical name only if there is no common one.",9,"Asparagus",""
"plant.asparagus.notes","Growing advice for Asparagus. Horticultural accuracy matters more than literal fidelity — adapt to local practice if the technique differs, and flag anything that would not apply in the target region.",215,"Asparagus is a long-lived perennial that rewards patience, producing spears for decades once established. Plant crowns in a permanent sunny bed with rich soil. Wait two to three years before your first full harvest.",""
"plant.artichoke.name","Plant name — shown as a card title and in search. Keep the common name gardeners in the target locale would actually use; add the botanical name only if there is no common one.",9,"Artichoke",""
"plant.artichoke.notes","Growing advice for Artichoke. Horticultural accuracy matters more than literal fidelity — adapt to local practice if the technique differs, and flag anything that would not apply in the target region.",211,"Globe artichokes are tender perennials grown for their edible flower buds. They need full sun, rich soil, and room to spread. In mild zones they overwinter; in colder areas grow them as annuals or mulch heavily.",""
"plant.jerusalem-artichoke.name","Plant name — shown as a card title and in search. Keep the common name gardeners in the target locale would actually use; add the botanical name only if there is no common one.",19,"Jerusalem Artichoke",""
"plant.jerusalem-artichoke.notes","Growing advice for Jerusalem Artichoke. Horticultural accuracy matters more than literal fidelity — adapt to local practice if the technique differs, and flag anything that would not apply in the target region.",211,"Also called sunchoke, this vigorous perennial produces knobby edible tubers and tall sunflower-like blooms. It grows almost anywhere in full sun and can spread aggressively. Harvest tubers after the first frost.",""
"plant.jicama.name","Plant name — shown as a card title and in search. Keep the common name gardeners in the target locale would actually use; add the botanical name only if there is no common one.",6,"Jicama",""
"plant.jicama.notes","Growing advice for Jicama. Horticultural accuracy matters more than literal fidelity — adapt to local practice if the technique differs, and flag anything that would not apply in the target region.",209,"Jicama is a warm-season vine grown for its crisp, sweet root. It needs a long hot season, full sun, and well-drained soil. Only the root is edible; the pods and seeds are toxic. Harvest before the first frost.",""
"plant.celeriac.name","Plant name — shown as a card title and in search. Keep the common name gardeners in the target locale would actually use; add the botanical name only if there is no common one.",8,"Celeriac",""
"plant.celeriac.notes","Growing advice for Celeriac. Horticultural accuracy matters more than literal fidelity — adapt to local practice if the technique differs, and flag anything that would not apply in the target region.",211,"Celeriac is grown for its knobby, celery-flavored root and needs a long, cool, moist season. Give it rich soil and consistent water to avoid toughness. Harvest in fall once roots are three to four inches across.",""
"plant.salsify.name","Plant name — shown as a card title and in search. Keep the common name gardeners in the target locale would actually use; add the botanical name only if there is no common one.",7,"Salsify",""
"plant.salsify.notes","Growing advice for Salsify. Horticultural accuracy matters more than literal fidelity — adapt to local practice if the technique differs, and flag anything that would not apply in the target region.",195,"Salsify produces a slender root with a delicate oyster-like flavor. It needs deep, loose soil and a long season much like parsnips. Its flavor sweetens after frost, so harvest roots in late fall.",""
"plant.daikon.name","Plant name — shown as a card title and in search. Keep the common name gardeners in the target locale would actually use; add the botanical name only if there is no common one.",6,"Daikon",""
"plant.daikon.notes","Growing advice for Daikon. Horticultural accuracy matters more than literal fidelity — adapt to local practice if the technique differs, and flag anything that would not apply in the target region.",205,"Daikon is a large mild radish that grows quickly in cool weather and loose, deep soil. Sow directly in late summer for a fall harvest. It also makes an excellent cover crop that breaks up compacted ground.",""
"plant.edamame.name","Plant name — shown as a card title and in search. Keep the common name gardeners in the target locale would actually use; add the botanical name only if there is no common one.",7,"Edamame",""
"plant.edamame.notes","Growing advice for Edamame. Horticultural accuracy matters more than literal fidelity — adapt to local practice if the technique differs, and flag anything that would not apply in the target region.",205,"Edamame are young soybeans harvested green and tender. They need warm soil, full sun, and a steady growing season. Sow directly after frost danger passes and harvest pods when plump but still bright green.",""
"plant.lima-bean.name","Plant name — shown as a card title and in search. Keep the common name gardeners in the target locale would actually use; add the botanical name only if there is no common one.",9,"Lima Bean",""
"plant.lima-bean.notes","Growing advice for Lima Bean. Horticultural accuracy matters more than literal fidelity — adapt to local practice if the technique differs, and flag anything that would not apply in the target region.",191,"Lima beans love heat and need warm soil to germinate well. Give them full sun and support if growing pole varieties. Harvest pods when they feel full and firm but before they dry on the vine.",""
"plant.fava-bean.name","Plant name — shown as a card title and in search. Keep the common name gardeners in the target locale would actually use; add the botanical name only if there is no common one.",9,"Fava Bean",""
"plant.fava-bean.notes","Growing advice for Fava Bean. Horticultural accuracy matters more than literal fidelity — adapt to local practice if the technique differs, and flag anything that would not apply in the target region.",205,"Fava beans are cool-season legumes that tolerate light frost and even fix nitrogen in the soil. Sow in early spring or fall in full sun. Harvest pods young for tender beans or let them mature for shelling.",""
"plant.chickpea.name","Plant name — shown as a card title and in search. Keep the common name gardeners in the target locale would actually use; add the botanical name only if there is no common one.",8,"Chickpea",""
"plant.chickpea.notes","Growing advice for Chickpea. Horticultural accuracy matters more than literal fidelity — adapt to local practice if the technique differs, and flag anything that would not apply in the target region.",217,"Chickpeas are drought-tolerant legumes that need a long, cool-to-warm season and full sun. Give them well-drained soil and avoid overwatering. Harvest once pods dry on the plant for storage, or young for fresh eating.",""
"plant.lentil.name","Plant name — shown as a card title and in search. Keep the common name gardeners in the target locale would actually use; add the botanical name only if there is no common one.",6,"Lentil",""
"plant.lentil.notes","Growing advice for Lentil. Horticultural accuracy matters more than literal fidelity — adapt to local practice if the technique differs, and flag anything that would not apply in the target region.",207,"Lentils are hardy, cool-season legumes that grow in full sun and well-drained soil with minimal fuss. They fix nitrogen and tolerate dry spells. Harvest when the lower pods turn brown and rattle when shaken.",""
"plant.black-bean.name","Plant name — shown as a card title and in search. Keep the common name gardeners in the target locale would actually use; add the botanical name only if there is no common one.",10,"Black Bean",""
"plant.black-bean.notes","Growing advice for Black Bean. Horticultural accuracy matters more than literal fidelity — adapt to local practice if the technique differs, and flag anything that would not apply in the target region.",203,"Black beans are warm-season bush legumes that need full sun and a long frost-free stretch to mature. Sow directly after the soil warms. Leave pods on the plant to dry fully before harvesting for storage.",""
"plant.pinto-bean.name","Plant name — shown as a card title and in search. Keep the common name gardeners in the target locale would actually use; add the botanical name only if there is no common one.",10,"Pinto Bean",""
"plant.pinto-bean.notes","Growing advice for Pinto Bean. Horticultural accuracy matters more than literal fidelity — adapt to local practice if the technique differs, and flag anything that would not apply in the target region.",207,"Pinto beans thrive in heat and full sun and are usually grown as a dry bean. Sow directly once soil is warm and keep watering moderate. Harvest when pods are dry and beans rattle inside for the best storage.",""
"plant.snap-pea.name","Plant name — shown as a card title and in search. Keep the common name gardeners in the target locale would actually use; add the botanical name only if there is no common one.",8,"Snap Pea",""
"plant.snap-pea.notes","Growing advice for Snap Pea. Horticultural accuracy matters more than literal fidelity — adapt to local practice if the technique differs, and flag anything that would not apply in the target region.",204,"Snap peas are sweet, cool-season climbers with edible pods. Sow early in full sun and give them a trellis to climb. Harvest when pods are plump but still crisp, and pick often to keep the vines producing.",""
"plant.jalape-o.name","Plant name — shown as a card title and in search. Keep the common name gardeners in the target locale would actually use; add the botanical name only if there is no common one.",8,"Jalapeño",""
"plant.jalape-o.notes","Growing advice for Jalapeño. Horticultural accuracy matters more than literal fidelity — adapt to local practice if the technique differs, and flag anything that would not apply in the target region.",212,"Jalapeños love heat, full sun, and steady moisture with well-drained soil. Harvest green for a sharper bite or let them ripen red for sweeter heat. Corking lines on the skin are a sign of a well-developed pepper.",""
"plant.habanero.name","Plant name — shown as a card title and in search. Keep the common name gardeners in the target locale would actually use; add the botanical name only if there is no common one.",8,"Habanero",""
"plant.habanero.notes","Growing advice for Habanero. Horticultural accuracy matters more than literal fidelity — adapt to local practice if the technique differs, and flag anything that would not apply in the target region.",218,"Habaneros are intensely hot peppers that demand a long, warm season, full sun, and consistent moisture. They are slow to ripen, so start early. Harvest once fruits reach their full orange or red color for maximum heat.",""
"plant.serrano.name","Plant name — shown as a card title and in search. Keep the common name gardeners in the target locale would actually use; add the botanical name only if there is no common one.",7,"Serrano",""
"plant.serrano.notes","Growing advice for Serrano. Horticultural accuracy matters more than literal fidelity — adapt to local practice if the technique differs, and flag anything that would not apply in the target region.",204,"Serrano peppers bring bright heat and grow well in full sun with warm soil and steady water. They produce heavily over a long season. Harvest green for crisp heat or let them turn red for a fuller flavor.",""
"plant.poblano.name","Plant name — shown as a card title and in search. Keep the common name gardeners in the target locale would actually use; add the botanical name only if there is no common one.",7,"Poblano",""
"plant.poblano.notes","Growing advice for Poblano. Horticultural accuracy matters more than literal fidelity — adapt to local practice if the technique differs, and flag anything that would not apply in the target region.",202,"Poblanos are mild, meaty peppers ideal for roasting and stuffing. They need full sun, warm soil, and even moisture. Harvest them dark green for classic flavor, or let them ripen red and dry into anchos.",""
"plant.bell-pepper.name","Plant name — shown as a card title and in search. Keep the common name gardeners in the target locale would actually use; add the botanical name only if there is no common one.",11,"Bell Pepper",""
"plant.bell-pepper.notes","Growing advice for Bell Pepper. Horticultural accuracy matters more than literal fidelity — adapt to local practice if the technique differs, and flag anything that would not apply in the target region.",231,"Bell peppers are sweet, crisp, and heatless, thriving in full sun with rich soil and steady water. Support heavy plants as fruit sets. Harvest green for a firmer bite or wait for red, yellow, or orange ripeness and extra sweetness.",""
"plant.cayenne.name","Plant name — shown as a card title and in search. Keep the common name gardeners in the target locale would actually use; add the botanical name only if there is no common one.",7,"Cayenne",""
"plant.cayenne.notes","Growing advice for Cayenne. Horticultural accuracy matters more than literal fidelity — adapt to local practice if the technique differs, and flag anything that would not apply in the target region.",201,"Cayenne peppers are long, slender, and hot, perfect for drying into powder. They love full sun, warm soil, and moderate water. Harvest when fully red and firm, then dry them for storage or grind fresh.",""
"plant.ghost-pepper.name","Plant name — shown as a card title and in search. Keep the common name gardeners in the target locale would actually use; add the botanical name only if there is no common one.",12,"Ghost Pepper",""
"plant.ghost-pepper.notes","Growing advice for Ghost Pepper. Horticultural accuracy matters more than literal fidelity — adapt to local practice if the technique differs, and flag anything that would not apply in the target region.",205,"Ghost peppers are among the world's hottest and need a long, hot season with full sun and patience. Germination and ripening are both slow, so start very early. Handle the ripe fruits with care and gloves.",""
"plant.banana-pepper.name","Plant name — shown as a card title and in search. Keep the common name gardeners in the target locale would actually use; add the botanical name only if there is no common one.",13,"Banana Pepper",""
"plant.banana-pepper.notes","Growing advice for Banana Pepper. Horticultural accuracy matters more than literal fidelity — adapt to local practice if the technique differs, and flag anything that would not apply in the target region.",213,"Banana peppers are mild, tangy, and productive, thriving in full sun with warm soil and even moisture. They pickle beautifully. Harvest yellow for mild flavor or leave them to ripen orange-red for extra sweetness.",""
"plant.butternut-squash.name","Plant name — shown as a card title and in search. Keep the common name gardeners in the target locale would actually use; add the botanical name only if there is no common one.",16,"Butternut Squash",""
"plant.butternut-squash.notes","Growing advice for Butternut Squash. Horticultural accuracy matters more than literal fidelity — adapt to local practice if the technique differs, and flag anything that would not apply in the target region.",222,"Butternut squash is a sprawling winter squash that needs full sun, rich soil, and plenty of room. Give it a long warm season to mature. Harvest when the skin is hard and tan, then cure it for sweeter, longer-storing fruit.",""
"plant.acorn-squash.name","Plant name — shown as a card title and in search. Keep the common name gardeners in the target locale would actually use; add the botanical name only if there is no common one.",12,"Acorn Squash",""
"plant.acorn-squash.notes","Growing advice for Acorn Squash. Horticultural accuracy matters more than literal fidelity — adapt to local practice if the technique differs, and flag anything that would not apply in the target region.",217,"Acorn squash produces compact ribbed fruits on vigorous vines in full sun and fertile soil. Keep it evenly watered while fruit develops. Harvest when the skin dulls and the stem dries, and cure briefly before storing.",""
"plant.spaghetti-squash.name","Plant name — shown as a card title and in search. Keep the common name gardeners in the target locale would actually use; add the botanical name only if there is no common one.",16,"Spaghetti Squash",""
"plant.spaghetti-squash.notes","Growing advice for Spaghetti Squash. Horticultural accuracy matters more than literal fidelity — adapt to local practice if the technique differs, and flag anything that would not apply in the target region.",223,"Spaghetti squash forms stringy flesh that separates into strands when cooked. Give it full sun, room to vine, and consistent water. Harvest when the rind turns deep yellow and resists a fingernail, then cure before storing.",""
"plant.yellow-squash.name","Plant name — shown as a card title and in search. Keep the common name gardeners in the target locale would actually use; add the botanical name only if there is no common one.",13,"Yellow Squash",""
"plant.yellow-squash.notes","Growing advice for Yellow Squash. Horticultural accuracy matters more than literal fidelity — adapt to local practice if the technique differs, and flag anything that would not apply in the target region.",212,"Yellow summer squash grows fast and heavy in full sun with rich, moist soil. Pick fruits young and often, around six inches, to keep the plant producing. Watch for squash bugs and powdery mildew in humid weather.",""
"plant.pattypan-squash.name","Plant name — shown as a card title and in search. Keep the common name gardeners in the target locale would actually use; add the botanical name only if there is no common one.",15,"Pattypan Squash",""
"plant.pattypan-squash.notes","Growing advice for Pattypan Squash. Horticultural accuracy matters more than literal fidelity — adapt to local practice if the technique differs, and flag anything that would not apply in the target region.",215,"Pattypan is a scalloped summer squash that is most tender when picked small. Grow it in full sun with steady moisture and rich soil. Harvest frequently at two to three inches across to encourage continuous fruiting.",""
"plant.delicata-squash.name","Plant name — shown as a card title and in search. Keep the common name gardeners in the target locale would actually use; add the botanical name only if there is no common one.",15,"Delicata Squash",""
"plant.delicata-squash.notes","Growing advice for Delicata Squash. Horticultural accuracy matters more than literal fidelity — adapt to local practice if the technique differs, and flag anything that would not apply in the target region.",226,"Delicata is a sweet winter squash with edible thin skin, grown on compact vines in full sun. It stores less long than thick-skinned types, so use it sooner. Harvest when the cream-and-green stripes deepen and the rind hardens.",""
"plant.kabocha-squash.name","Plant name — shown as a card title and in search. Keep the common name gardeners in the target locale would actually use; add the botanical name only if there is no common one.",14,"Kabocha Squash",""
"plant.kabocha-squash.notes","Growing advice for Kabocha Squash. Horticultural accuracy matters more than literal fidelity — adapt to local practice if the technique differs, and flag anything that would not apply in the target region.",217,"Kabocha is a sweet Japanese winter squash with dense flesh. It needs full sun, rich soil, and a long warm season on sprawling vines. Harvest when the stem corks and the skin hardens, then cure to deepen the sweetness.",""
"plant.gourd.name","Plant name — shown as a card title and in search. Keep the common name gardeners in the target locale would actually use; add the botanical name only if there is no common one.",5,"Gourd",""
"plant.gourd.notes","Growing advice for Gourd. Horticultural accuracy matters more than literal fidelity — adapt to local practice if the technique differs, and flag anything that would not apply in the target region.",216,"Ornamental and hard-shell gourds grow on long vigorous vines in full sun and warm soil. Give them a trellis for cleaner, better-shaped fruit. Leave them on the vine until fully mature, then dry thoroughly for crafts.",""
"plant.luffa.name","Plant name — shown as a card title and in search. Keep the common name gardeners in the target locale would actually use; add the botanical name only if there is no common one.",5,"Luffa",""
"plant.luffa.notes","Growing advice for Luffa. Horticultural accuracy matters more than literal fidelity — adapt to local practice if the technique differs, and flag anything that would not apply in the target region.",206,"Luffa is a long-season vining gourd that becomes a natural sponge when mature. It needs full sun, warm soil, and a sturdy trellis. Eat fruits young like squash, or leave them to dry on the vine for sponges.",""
"plant.tomatillo.name","Plant name — shown as a card title and in search. Keep the common name gardeners in the target locale would actually use; add the botanical name only if there is no common one.",9,"Tomatillo",""
"plant.tomatillo.notes","Growing advice for Tomatillo. Horticultural accuracy matters more than literal fidelity — adapt to local practice if the technique differs, and flag anything that would not apply in the target region.",214,"Tomatillos grow inside papery husks and need full sun and warm weather like their tomato cousins. Plant at least two for good pollination. Harvest when the fruit fills and splits the husk for the best tangy flavor.",""
"plant.nectarine.name","Plant name — shown as a card title and in search. Keep the common name gardeners in the target locale would actually use; add the botanical name only if there is no common one.",9,"Nectarine",""
"plant.nectarine.notes","Growing advice for Nectarine. Horticultural accuracy matters more than literal fidelity — adapt to local practice if the technique differs, and flag anything that would not apply in the target region.",212,"Nectarines are smooth-skinned peaches that need full sun, well-drained soil, and winter chill to fruit well. Thin young fruit for larger, sweeter harvests. Prune yearly for airflow and to reduce disease pressure.",""
"plant.persimmon.name","Plant name — shown as a card title and in search. Keep the common name gardeners in the target locale would actually use; add the botanical name only if there is no common one.",9,"Persimmon",""
"plant.persimmon.notes","Growing advice for Persimmon. Horticultural accuracy matters more than literal fidelity — adapt to local practice if the technique differs, and flag anything that would not apply in the target region.",214,"Persimmons are hardy, low-maintenance trees producing bright fall fruit. They like full sun and well-drained soil. Astringent varieties must soften fully before eating, while non-astringent types can be eaten firm.",""
"plant.guava.name","Plant name — shown as a card title and in search. Keep the common name gardeners in the target locale would actually use; add the botanical name only if there is no common one.",5,"Guava",""
"plant.guava.notes","Growing advice for Guava. Horticultural accuracy matters more than literal fidelity — adapt to local practice if the technique differs, and flag anything that would not apply in the target region.",219,"Guava is a fast-growing tropical tree that fruits young and loves full sun, warmth, and regular water. It is frost-sensitive, so protect it in cooler zones or grow in a pot. Harvest when fruits soften and turn fragrant.",""
"plant.papaya.name","Plant name — shown as a card title and in search. Keep the common name gardeners in the target locale would actually use; add the botanical name only if there is no common one.",6,"Papaya",""
"plant.papaya.notes","Growing advice for Papaya. Horticultural accuracy matters more than literal fidelity — adapt to local practice if the technique differs, and flag anything that would not apply in the target region.",211,"Papaya grows quickly into a tall, fast-fruiting tropical plant that needs full sun, warmth, and rich, well-drained soil. It is very frost-tender. Harvest when the skin shows mostly yellow for the sweetest fruit.",""
"plant.quince.name","Plant name — shown as a card title and in search. Keep the common name gardeners in the target locale would actually use; add the botanical name only if there is no common one.",6,"Quince",""
"plant.quince.notes","Growing advice for Quince. Horticultural accuracy matters more than literal fidelity — adapt to local practice if the technique differs, and flag anything that would not apply in the target region.",201,"Quince is a hardy small tree with fragrant, hard fruit best cooked rather than eaten raw. It likes full sun and well-drained soil. Harvest in late fall once fruits turn deep yellow and perfume the air.",""
"plant.date.name","Plant name — shown as a card title and in search. Keep the common name gardeners in the target locale would actually use; add the botanical name only if there is no common one.",4,"Date",""
"plant.date.notes","Growing advice for Date. Horticultural accuracy matters more than literal fidelity — adapt to local practice if the technique differs, and flag anything that would not apply in the target region.",213,"Date palms thrive in hot, dry climates with full sun and deep occasional watering. They tolerate poor soil and heat that would stress other fruit. Fruiting takes years and usually needs both male and female trees.",""
"plant.olive.name","Plant name — shown as a card title and in search. Keep the common name gardeners in the target locale would actually use; add the botanical name only if there is no common one.",5,"Olive",""
"plant.olive.notes","Growing advice for Olive. Horticultural accuracy matters more than literal fidelity — adapt to local practice if the technique differs, and flag anything that would not apply in the target region.",218,"Olive trees are drought-tolerant evergreens that love full sun and well-drained soil. They need a mild winter chill to fruit and dislike soggy roots. Harvest green for a firmer cure or black for a milder, riper flavor.",""
"plant.jackfruit.name","Plant name — shown as a card title and in search. Keep the common name gardeners in the target locale would actually use; add the botanical name only if there is no common one.",9,"Jackfruit",""
"plant.jackfruit.notes","Growing advice for Jackfruit. Horticultural accuracy matters more than literal fidelity — adapt to local practice if the technique differs, and flag anything that would not apply in the target region.",209,"Jackfruit is a massive tropical fruit on a large fast-growing tree that needs heat, humidity, and rich soil. It is very frost-sensitive. Harvest when the fruit gives slightly and releases a strong sweet aroma.",""
"plant.lychee.name","Plant name — shown as a card title and in search. Keep the common name gardeners in the target locale would actually use; add the botanical name only if there is no common one.",6,"Lychee",""
"plant.lychee.notes","Growing advice for Lychee. Horticultural accuracy matters more than literal fidelity — adapt to local practice if the technique differs, and flag anything that would not apply in the target region.",211,"Lychee is a subtropical tree producing sweet, fragrant fruit in summer. It needs full sun, humidity, and protection from frost and drying winds. Trees fruit best after several years and a brief cool, dry period.",""
"plant.loquat.name","Plant name — shown as a card title and in search. Keep the common name gardeners in the target locale would actually use; add the botanical name only if there is no common one.",6,"Loquat",""
"plant.loquat.notes","Growing advice for Loquat. Horticultural accuracy matters more than literal fidelity — adapt to local practice if the technique differs, and flag anything that would not apply in the target region.",209,"Loquat is an evergreen tree that flowers in fall and ripens sweet-tart fruit in spring. It likes full sun and well-drained soil and tolerates mild frost. Harvest when fruits turn deep yellow-orange and soften.",""
"plant.mulberry-tree.name","Plant name — shown as a card title and in search. Keep the common name gardeners in the target locale would actually use; add the botanical name only if there is no common one.",13,"Mulberry Tree",""
"plant.mulberry-tree.notes","Growing advice for Mulberry Tree. Horticultural accuracy matters more than literal fidelity — adapt to local practice if the technique differs, and flag anything that would not apply in the target region.",213,"Mulberry trees are fast-growing and generous, dropping sweet berries over a long season. They handle full sun and a range of soils with little care. The fruit stains easily, so plant away from patios and walkways.",""
"plant.pluot.name","Plant name — shown as a card title and in search. Keep the common name gardeners in the target locale would actually use; add the botanical name only if there is no common one.",5,"Pluot",""
"plant.pluot.notes","Growing advice for Pluot. Horticultural accuracy matters more than literal fidelity — adapt to local practice if the technique differs, and flag anything that would not apply in the target region.",218,"Pluots are sweet plum-apricot hybrids that need full sun, well-drained soil, and winter chill. Thin the fruit for size and plant a compatible pollinizer nearby. Harvest when fruits soften slightly and reach full color.",""
"plant.kumquat-tree.name","Plant name — shown as a card title and in search. Keep the common name gardeners in the target locale would actually use; add the botanical name only if there is no common one.",12,"Kumquat Tree",""
"plant.kumquat-tree.notes","Growing advice for Kumquat Tree. Horticultural accuracy matters more than literal fidelity — adapt to local practice if the technique differs, and flag anything that would not apply in the target region.",235,"Kumquat trees are compact, cold-hardy citrus that produce small fruit eaten skin and all. They love full sun and well-drained soil and do well in containers. Harvest when fruits turn fully orange for the best balance of sweet and tart.",""
"plant.feijoa.name","Plant name — shown as a card title and in search. Keep the common name gardeners in the target locale would actually use; add the botanical name only if there is no common one.",6,"Feijoa",""
"plant.feijoa.notes","Growing advice for Feijoa. Horticultural accuracy matters more than literal fidelity — adapt to local practice if the technique differs, and flag anything that would not apply in the target region.",213,"Feijoa, or pineapple guava, is an evergreen shrub with edible flowers and aromatic fall fruit. It likes full sun and tolerates mild frost. Let fruit drop naturally when ripe rather than picking it from the branch.",""
"plant.tangerine.name","Plant name — shown as a card title and in search. Keep the common name gardeners in the target locale would actually use; add the botanical name only if there is no common one.",9,"Tangerine",""
"plant.tangerine.notes","Growing advice for Tangerine. Horticultural accuracy matters more than literal fidelity — adapt to local practice if the technique differs, and flag anything that would not apply in the target region.",235,"Tangerines are easy-peeling citrus that need full sun, well-drained soil, and protection from frost. They fruit well in containers in cooler zones. Harvest when fully colored and slightly soft, as citrus does not sweeten after picking.",""
"plant.clementine.name","Plant name — shown as a card title and in search. Keep the common name gardeners in the target locale would actually use; add the botanical name only if there is no common one.",10,"Clementine",""
"plant.clementine.notes","Growing advice for Clementine. Horticultural accuracy matters more than literal fidelity — adapt to local practice if the technique differs, and flag anything that would not apply in the target region.",213,"Clementines are small, sweet, seedless citrus that love full sun and steady moisture with good drainage. They are frost-sensitive and thrive in pots where winters are cold. Harvest when deep orange and fully ripe.",""
"plant.kumquat.name","Plant name — shown as a card title and in search. Keep the common name gardeners in the target locale would actually use; add the botanical name only if there is no common one.",7,"Kumquat",""
"plant.kumquat.notes","Growing advice for Kumquat. Horticultural accuracy matters more than literal fidelity — adapt to local practice if the technique differs, and flag anything that would not apply in the target region.",203,"Kumquats are tiny citrus eaten whole, skin included, with a sweet rind and tart flesh. The plants are compact and among the most cold-hardy citrus. Give them full sun and harvest fruit when fully orange.",""
"plant.blood-orange.name","Plant name — shown as a card title and in search. Keep the common name gardeners in the target locale would actually use; add the botanical name only if there is no common one.",12,"Blood Orange",""
"plant.blood-orange.notes","Growing advice for Blood Orange. Horticultural accuracy matters more than literal fidelity — adapt to local practice if the technique differs, and flag anything that would not apply in the target region.",214,"Blood oranges develop their crimson flesh best where days are warm and nights are cool. They need full sun, good drainage, and frost protection. Leave fruit on the tree to deepen color and flavor before harvesting.",""
"plant.yuzu.name","Plant name — shown as a card title and in search. Keep the common name gardeners in the target locale would actually use; add the botanical name only if there is no common one.",4,"Yuzu",""
"plant.yuzu.notes","Growing advice for Yuzu. Horticultural accuracy matters more than literal fidelity — adapt to local practice if the technique differs, and flag anything that would not apply in the target region.",214,"Yuzu is an aromatic, cold-hardy citrus prized for its fragrant zest and juice. It tolerates more frost than most citrus and likes full sun. Harvest when fruit turns yellow, using both the peel and juice in cooking.",""
"plant.bergamot.name","Plant name — shown as a card title and in search. Keep the common name gardeners in the target locale would actually use; add the botanical name only if there is no common one.",8,"Bergamot",""
"plant.bergamot.notes","Growing advice for Bergamot. Horticultural accuracy matters more than literal fidelity — adapt to local practice if the technique differs, and flag anything that would not apply in the target region.",219,"Bergamot orange is grown mainly for its fragrant peel, famous for flavoring Earl Grey tea. It needs full sun, well-drained soil, and frost protection. Harvest when the fruit turns yellow and the rind is highly aromatic.",""
"plant.calamansi.name","Plant name — shown as a card title and in search. Keep the common name gardeners in the target locale would actually use; add the botanical name only if there is no common one.",9,"Calamansi",""
"plant.calamansi.notes","Growing advice for Calamansi. Horticultural accuracy matters more than literal fidelity — adapt to local practice if the technique differs, and flag anything that would not apply in the target region.",217,"Calamansi is a small, tart Philippine citrus that fruits heavily and grows well in containers. It loves full sun, warmth, and steady moisture with good drainage. Harvest green or ripe orange, both intensely flavorful.",""
"plant.pineapple.name","Plant name — shown as a card title and in search. Keep the common name gardeners in the target locale would actually use; add the botanical name only if there is no common one.",9,"Pineapple",""
"plant.pineapple.notes","Growing advice for Pineapple. Horticultural accuracy matters more than literal fidelity — adapt to local practice if the technique differs, and flag anything that would not apply in the target region.",227,"Pineapple grows from a leafy crown in full sun with warm temperatures and well-drained soil. It fruits after a year or more and does well in containers indoors in cold climates. Harvest when the fruit turns golden and fragrant.",""
"plant.kiwi.name","Plant name — shown as a card title and in search. Keep the common name gardeners in the target locale would actually use; add the botanical name only if there is no common one.",4,"Kiwi",""
"plant.kiwi.notes","Growing advice for Kiwi. Horticultural accuracy matters more than literal fidelity — adapt to local practice if the technique differs, and flag anything that would not apply in the target region.",217,"Kiwi vines are vigorous climbers that need a strong trellis, full sun, and usually both male and female plants to fruit. Give them rich, well-drained soil. Fruit ripens in fall and sweetens off the vine after picking.",""
"plant.passionfruit.name","Plant name — shown as a card title and in search. Keep the common name gardeners in the target locale would actually use; add the botanical name only if there is no common one.",12,"Passionfruit",""
"plant.passionfruit.notes","Growing advice for Passionfruit. Horticultural accuracy matters more than literal fidelity — adapt to local practice if the technique differs, and flag anything that would not apply in the target region.",228,"Passionfruit is a fast tropical vine with striking flowers and tangy fruit. It needs full sun, a sturdy trellis, and steady water. In cooler zones grow it as an annual or in a container. Harvest fruit once it wrinkles and drops.",""
"plant.dragon-fruit.name","Plant name — shown as a card title and in search. Keep the common name gardeners in the target locale would actually use; add the botanical name only if there is no common one.",12,"Dragon Fruit",""
"plant.dragon-fruit.notes","Growing advice for Dragon Fruit. Horticultural accuracy matters more than literal fidelity — adapt to local practice if the technique differs, and flag anything that would not apply in the target region.",216,"Dragon fruit is a climbing cactus that produces vivid fruit and night-blooming flowers. It needs full sun, warmth, well-drained soil, and a sturdy support. Some varieties need hand-pollination for reliable fruit set.",""
"plant.starfruit.name","Plant name — shown as a card title and in search. Keep the common name gardeners in the target locale would actually use; add the botanical name only if there is no common one.",9,"Starfruit",""
"plant.starfruit.notes","Growing advice for Starfruit. Horticultural accuracy matters more than literal fidelity — adapt to local practice if the technique differs, and flag anything that would not apply in the target region.",227,"Starfruit, or carambola, is a tropical tree with juicy ribbed fruit that slices into stars. It needs full sun, warmth, and consistent moisture, and is frost-sensitive. Harvest when the ribs turn golden and slightly brown-edged.",""
"plant.coconut.name","Plant name — shown as a card title and in search. Keep the common name gardeners in the target locale would actually use; add the botanical name only if there is no common one.",7,"Coconut",""
"plant.coconut.notes","Growing advice for Coconut. Horticultural accuracy matters more than literal fidelity — adapt to local practice if the technique differs, and flag anything that would not apply in the target region.",217,"Coconut palms need constant heat, humidity, full sun, and sandy well-drained soil. They only thrive in truly tropical, frost-free climates. Grown mostly along coasts, they take years to bear fruit and reward patience.",""
"plant.cape-gooseberry.name","Plant name — shown as a card title and in search. Keep the common name gardeners in the target locale would actually use; add the botanical name only if there is no common one.",15,"Cape Gooseberry",""
"plant.cape-gooseberry.notes","Growing advice for Cape Gooseberry. Horticultural accuracy matters more than literal fidelity — adapt to local practice if the technique differs, and flag anything that would not apply in the target region.",202,"Cape gooseberry, or ground cherry, produces sweet-tart fruit inside papery husks. It grows like a tomato in full sun with warm soil. Fruit is ripe when the husk browns and the berry drops to the ground.",""
"plant.rambutan.name","Plant name — shown as a card title and in search. Keep the common name gardeners in the target locale would actually use; add the botanical name only if there is no common one.",8,"Rambutan",""
"plant.rambutan.notes","Growing advice for Rambutan. Horticultural accuracy matters more than literal fidelity — adapt to local practice if the technique differs, and flag anything that would not apply in the target region.",226,"Rambutan is a tropical tree bearing sweet, hairy-skinned fruit related to lychee. It demands high heat, humidity, and rich, moist soil, with no tolerance for frost. Harvest when the skin turns bright red and the spines soften.",""
"plant.longan.name","Plant name — shown as a card title and in search. Keep the common name gardeners in the target locale would actually use; add the botanical name only if there is no common one.",6,"Longan",""
"plant.longan.notes","Growing advice for Longan. Horticultural accuracy matters more than literal fidelity — adapt to local practice if the technique differs, and flag anything that would not apply in the target region.",216,"Longan is a subtropical relative of lychee producing clusters of sweet, translucent fruit. It likes full sun, warmth, and well-drained soil and tolerates brief cool spells. Harvest when the tan skin is firm and full.",""
"plant.tamarind.name","Plant name — shown as a card title and in search. Keep the common name gardeners in the target locale would actually use; add the botanical name only if there is no common one.",8,"Tamarind",""
"plant.tamarind.notes","Growing advice for Tamarind. Horticultural accuracy matters more than literal fidelity — adapt to local practice if the technique differs, and flag anything that would not apply in the target region.",213,"Tamarind is a large tropical tree yielding tangy-sweet pods used in cooking. It thrives in heat and full sun and tolerates drought once established. Pods are ready when brown and brittle and the pulp turns sticky.",""
"plant.cantaloupe.name","Plant name — shown as a card title and in search. Keep the common name gardeners in the target locale would actually use; add the botanical name only if there is no common one.",10,"Cantaloupe",""
"plant.cantaloupe.notes","Growing advice for Cantaloupe. Horticultural accuracy matters more than literal fidelity — adapt to local practice if the technique differs, and flag anything that would not apply in the target region.",227,"Cantaloupe needs full sun, warm soil, and a long hot season to develop sweet fruit. Give vines room to sprawl and water steadily until fruit sizes up, then ease off. Harvest when the stem slips easily and the netting turns tan.",""
"plant.casaba-melon.name","Plant name — shown as a card title and in search. Keep the common name gardeners in the target locale would actually use; add the botanical name only if there is no common one.",12,"Casaba Melon",""
"plant.casaba-melon.notes","Growing advice for Casaba Melon. Horticultural accuracy matters more than literal fidelity — adapt to local practice if the technique differs, and flag anything that would not apply in the target region.",223,"Casaba is a wrinkled, late-season melon with sweet pale flesh. It needs a long, hot, dry finish to ripen well in full sun. Harvest when the rind turns golden yellow, since casabas do not slip from the vine like cantaloupes.",""
"plant.crenshaw-melon.name","Plant name — shown as a card title and in search. Keep the common name gardeners in the target locale would actually use; add the botanical name only if there is no common one.",14,"Crenshaw Melon",""
"plant.crenshaw-melon.notes","Growing advice for Crenshaw Melon. Horticultural accuracy matters more than literal fidelity — adapt to local practice if the technique differs, and flag anything that would not apply in the target region.",208,"Crenshaw melons are large and fragrant with sweet salmon-colored flesh. They need full sun, heat, and a long season on sprawling vines. Harvest when the blossom end softens and the aroma turns rich and sweet.",""
"plant.bitter-melon.name","Plant name — shown as a card title and in search. Keep the common name gardeners in the target locale would actually use; add the botanical name only if there is no common one.",12,"Bitter Melon",""
"plant.bitter-melon.notes","Growing advice for Bitter Melon. Horticultural accuracy matters more than literal fidelity — adapt to local practice if the technique differs, and flag anything that would not apply in the target region.",223,"Bitter melon is a warm-season climbing vine grown for its distinctive bitter fruit. It needs full sun, heat, and a trellis to climb. Harvest young and light green for milder flavor, before the fruit turns yellow and splits.",""
"plant.winter-melon.name","Plant name — shown as a card title and in search. Keep the common name gardeners in the target locale would actually use; add the botanical name only if there is no common one.",12,"Winter Melon",""
"plant.winter-melon.notes","Growing advice for Winter Melon. Horticultural accuracy matters more than literal fidelity — adapt to local practice if the technique differs, and flag anything that would not apply in the target region.",201,"Winter melon is a large vining gourd that stores for months thanks to its waxy skin. It needs full sun, heat, and plenty of space. Harvest mature fruit once the skin develops its powdery white coating.",""
"plant.galia-melon.name","Plant name — shown as a card title and in search. Keep the common name gardeners in the target locale would actually use; add the botanical name only if there is no common one.",11,"Galia Melon",""
"plant.galia-melon.notes","Growing advice for Galia Melon. Horticultural accuracy matters more than literal fidelity — adapt to local practice if the technique differs, and flag anything that would not apply in the target region.",220,"Galia is an aromatic melon with netted skin and sweet green flesh. It thrives in full sun with warm soil and steady water while fruit develops. Harvest when the rind turns golden and the fruit slips easily from the vine.",""
"plant.huckleberry.name","Plant name — shown as a card title and in search. Keep the common name gardeners in the target locale would actually use; add the botanical name only if there is no common one.",11,"Huckleberry",""
"plant.huckleberry.notes","Growing advice for Huckleberry. Horticultural accuracy matters more than literal fidelity — adapt to local practice if the technique differs, and flag anything that would not apply in the target region.",232,"Huckleberries are cousins of blueberries that favor acidic, well-drained soil and partial shade. They can be slow to establish but reward patience with tart-sweet fruit. Harvest when berries are deep blue-purple and come off easily.",""
"plant.lingonberry.name","Plant name — shown as a card title and in search. Keep the common name gardeners in the target locale would actually use; add the botanical name only if there is no common one.",11,"Lingonberry",""
"plant.lingonberry.notes","Growing advice for Lingonberry. Horticultural accuracy matters more than literal fidelity — adapt to local practice if the technique differs, and flag anything that would not apply in the target region.",234,"Lingonberry is a low, cold-hardy evergreen shrub that produces tart red berries. It needs acidic, moist, well-drained soil and full sun to partial shade. It makes an attractive groundcover and fruits twice a season in good conditions.",""
"plant.salmonberry.name","Plant name — shown as a card title and in search. Keep the common name gardeners in the target locale would actually use; add the botanical name only if there is no common one.",11,"Salmonberry",""
"plant.salmonberry.notes","Growing advice for Salmonberry. Horticultural accuracy matters more than literal fidelity — adapt to local practice if the technique differs, and flag anything that would not apply in the target region.",220,"Salmonberry is a Pacific Northwest native producing golden to red berries in early summer. It likes moist soil and partial shade, mimicking its woodland home. It spreads by suckers, so give it space or contain the roots.",""
"plant.aronia.name","Plant name — shown as a card title and in search. Keep the common name gardeners in the target locale would actually use; add the botanical name only if there is no common one.",6,"Aronia",""
"plant.aronia.notes","Growing advice for Aronia. Horticultural accuracy matters more than literal fidelity — adapt to local practice if the technique differs, and flag anything that would not apply in the target region.",230,"Aronia, or chokeberry, is a tough native shrub loaded with antioxidant-rich fruit. It tolerates a wide range of soils, full sun to part shade, and cold winters. Harvest the dark berries in late summer once fully ripe and softened.",""
"plant.goji-berry.name","Plant name — shown as a card title and in search. Keep the common name gardeners in the target locale would actually use; add the botanical name only if there is no common one.",10,"Goji Berry",""
"plant.goji-berry.notes","Growing advice for Goji Berry. Horticultural accuracy matters more than literal fidelity — adapt to local practice if the technique differs, and flag anything that would not apply in the target region.",233,"Goji berry is a hardy, adaptable shrub that fruits heavily in full sun with well-drained soil. It tolerates poor soil and drought once established. Harvest bright red berries when fully colored, handling gently as they bruise easily.",""
"plant.barberry.name","Plant name — shown as a card title and in search. Keep the common name gardeners in the target locale would actually use; add the botanical name only if there is no common one.",8,"Barberry",""
"plant.barberry.notes","Growing advice for Barberry. Horticultural accuracy matters more than literal fidelity — adapt to local practice if the technique differs, and flag anything that would not apply in the target region.",214,"Barberry is a thorny, drought-tolerant shrub whose tart red berries are used in cooking. It thrives in full sun and a range of soils and is very low maintenance. Harvest the berries in fall once they turn deep red.",""
"companion.basil-tomato","Why basil and tomato are planted together (or kept apart). Horticultural claim — verify it holds in the target region before rewording.",84,"Basil repels aphids and hornworms, and many gardeners say it improves tomato flavor.",""
"companion.basil-pepper","Why basil and pepper are planted together (or kept apart). Horticultural claim — verify it holds in the target region before rewording.",81,"Basil masks the scent peppers give off, helping hide them from aphids and thrips.",""
"companion.basil-oregano","Why basil and oregano are planted together (or kept apart). Horticultural claim — verify it holds in the target region before rewording.",75,"Both are aromatic herbs with the same water and sun needs — easy neighbors.",""
"companion.carrot-onion","Why carrot and onion are planted together (or kept apart). Horticultural claim — verify it holds in the target region before rewording.",76,"Onions deter carrot flies, and carrots return the favor against onion flies.",""
"companion.carrot-lettuce","Why carrot and lettuce are planted together (or kept apart). Horticultural claim — verify it holds in the target region before rewording.",62,"Lettuce shades the soil and keeps carrot roots cool and moist.",""
"companion.carrot-tomato","Why carrot and tomato are planted together (or kept apart). Horticultural claim — verify it holds in the target region before rewording.",80,"Tomatoes give carrots afternoon shade; carrots loosen the soil around the roots.",""
"companion.onion-lettuce","Why onion and lettuce are planted together (or kept apart). Horticultural claim — verify it holds in the target region before rewording.",63,"Onions keep aphids and rabbits away from tender lettuce leaves.",""
"companion.onion-strawberry","Why onion and strawberry are planted together (or kept apart). Horticultural claim — verify it holds in the target region before rewording.",74,"Onions deter slugs and rabbits that would otherwise go after ripe berries.",""
"companion.onion-beet","Why onion and beet are planted together (or kept apart). Horticultural claim — verify it holds in the target region before rewording.",62,"Classic pairing — they improve each other's growth and flavor.",""
"companion.onion-tomato","Why onion and tomato are planted together (or kept apart). Horticultural claim — verify it holds in the target region before rewording.",64,"Onions repel aphids and spider mites that target tomato foliage.",""
"companion.bean-corn","Why bean and corn are planted together (or kept apart). Horticultural claim — verify it holds in the target region before rewording.",92,"Beans climb the corn stalks and fix nitrogen back into the soil — half of the Three Sisters.",""
"companion.corn-squash","Why corn and squash are planted together (or kept apart). Horticultural claim — verify it holds in the target region before rewording.",81,"Squash leaves shade the ground, block weeds, and hold soil moisture for the corn.",""
"companion.corn-pumpkin","Why corn and pumpkin are planted together (or kept apart). Horticultural claim — verify it holds in the target region before rewording.",73,"Pumpkin vines cover the soil and deter raccoons from getting at the corn.",""
"companion.corn-cucumber","Why corn and cucumber are planted together (or kept apart). Horticultural claim — verify it holds in the target region before rewording.",70,"Corn gives cucumber vines something to climb and provides light shade.",""
"companion.cucumber-radish","Why cucumber and radish are planted together (or kept apart). Horticultural claim — verify it holds in the target region before rewording.",55,"Radishes deter cucumber beetles when planted alongside.",""
"companion.cucumber-lettuce","Why cucumber and lettuce are planted together (or kept apart). Horticultural claim — verify it holds in the target region before rewording.",75,"Cucumbers grow tall and shade lettuce, keeping it from bolting in the heat.",""
"companion.lettuce-radish","Why lettuce and radish are planted together (or kept apart). Horticultural claim — verify it holds in the target region before rewording.",75,"Radishes break up the soil and are harvested before lettuce needs the room.",""
"companion.lettuce-strawberry","Why lettuce and strawberry are planted together (or kept apart). Horticultural claim — verify it holds in the target region before rewording.",71,"Both are shallow-rooted, low growers that cover soil without competing.",""
"companion.marigold-tomato","Why marigold and tomato are planted together (or kept apart). Horticultural claim — verify it holds in the target region before rewording.",65,"Marigolds deter nematodes and whiteflies in the tomato root zone.",""
"companion.marigold-pepper","Why marigold and pepper are planted together (or kept apart). Horticultural claim — verify it holds in the target region before rewording.",71,"Marigolds pull aphids away from peppers and attract beneficial insects.",""
"companion.nasturtium-pea","Why nasturtium and pea are planted together (or kept apart). Horticultural claim — verify it holds in the target region before rewording.",73,"Nasturtiums attract beneficial insects and pull aphids off the pea vines.",""
"companion.nasturtium-cucumber","Why nasturtium and cucumber are planted together (or kept apart). Horticultural claim — verify it holds in the target region before rewording.",68,"Nasturtiums act as a trap crop for cucumber beetles and squash bugs.",""
"companion.beet-lettuce","Why beet and lettuce are planted together (or kept apart). Horticultural claim — verify it holds in the target region before rewording.",74,"Beets grow down, lettuce grows out — they use different layers of the bed.",""
"companion.pepper-tomato","Why pepper and tomato are planted together (or kept apart). Horticultural claim — verify it holds in the target region before rewording.",74,"Same soil, sun, and water needs, so they're easy to care for side by side.",""
"companion.spinach-strawberry","Why spinach and strawberry are planted together (or kept apart). Horticultural claim — verify it holds in the target region before rewording.",66,"Spinach covers the soil between berry plants and keeps weeds down.",""
"companion.basil-sage","Why basil and sage are planted together (or kept apart). Horticultural claim — verify it holds in the target region before rewording.",69,"Basil and sage inhibit each other's growth — give them separate beds.",""
"companion.basil-cucumber","Why basil and cucumber are planted together (or kept apart). Horticultural claim — verify it holds in the target region before rewording.",59,"Cucumbers can stunt basil, and both compete hard for water.",""
"companion.bean-onion","Why bean and onion are planted together (or kept apart). Horticultural claim — verify it holds in the target region before rewording.",48,"Onions release compounds that stunt bean growth.",""
"companion.onion-pea","Why onion and pea are planted together (or kept apart). Horticultural claim — verify it holds in the target region before rewording.",50,"Onions suppress pea growth — keep them well apart.",""
"companion.corn-tomato","Why corn and tomato are planted together (or kept apart). Horticultural claim — verify it holds in the target region before rewording.",66,"They attract the same worm pests and compete heavily for nitrogen.",""
"companion.fennel-tomato","Why fennel and tomato are planted together (or kept apart). Horticultural claim — verify it holds in the target region before rewording.",68,"Fennel inhibits nearly everything around it. Give it its own corner.",""
"companion.broccoli-lettuce","Why broccoli and lettuce are planted together (or kept apart). Horticultural claim — verify it holds in the target region before rewording.",70,"Broccoli is a heavy feeder that will outcompete lettuce for nutrients.",""
"companion.apple-chive","Why apple and chive are planted together (or kept apart). Horticultural claim — verify it holds in the target region before rewording.",64,"Chives under apple trees deter aphids and may reduce apple scab.",""
"companion.apple-marigold","Why apple and marigold are planted together (or kept apart). Horticultural claim — verify it holds in the target region before rewording.",66,"Marigolds near apples repel aphids and draw in beneficial insects.",""
"companion.apple-nasturtium","Why apple and nasturtium are planted together (or kept apart). Horticultural claim — verify it holds in the target region before rewording.",64,"Nasturtiums lure aphids and codling moths away from apple trees.",""
"companion.asparagus-parsley","Why asparagus and parsley are planted together (or kept apart). Horticultural claim — verify it holds in the target region before rewording.",63,"Parsley attracts predators that protect asparagus from beetles.",""
"companion.basil-blueberry","Why basil and blueberry are planted together (or kept apart). Horticultural claim — verify it holds in the target region before rewording.",62,"Basil's aroma repels thrips and flies that bother blueberries.",""
"companion.basil-eggplant","Why basil and eggplant are planted together (or kept apart). Horticultural claim — verify it holds in the target region before rewording.",58,"Basil masks eggplant's scent from flea beetles and aphids.",""
"companion.basil-lemon","Why basil and lemon are planted together (or kept apart). Horticultural claim — verify it holds in the target region before rewording.",62,"Basil repels aphids and mites that trouble potted lemon trees.",""
"companion.basil-orange","Why basil and orange are planted together (or kept apart). Horticultural claim — verify it holds in the target region before rewording.",52,"Basil's scent deters aphids and mites around citrus.",""
"companion.basil-peach","Why basil and peach are planted together (or kept apart). Horticultural claim — verify it holds in the target region before rewording.",63,"Basil repels aphids and helps protect peach foliage from pests.",""
"companion.bean-carrot","Why bean and carrot are planted together (or kept apart). Horticultural claim — verify it holds in the target region before rewording.",75,"Beans fix nitrogen for the carrots while their roots work different depths.",""
"companion.bean-cauliflower","Why bean and cauliflower are planted together (or kept apart). Horticultural claim — verify it holds in the target region before rewording.",73,"Beans enrich the soil with nitrogen that heavy-feeding cauliflower needs.",""
"companion.bean-celery","Why bean and celery are planted together (or kept apart). Horticultural claim — verify it holds in the target region before rewording.",64,"Beans feed nitrogen to the soil while celery shades their roots.",""
"companion.bean-cilantro","Why bean and cilantro are planted together (or kept apart). Horticultural claim — verify it holds in the target region before rewording.",69,"Cilantro's flowers attract predators of the aphids that target beans.",""
"companion.bean-cucumber","Why bean and cucumber are planted together (or kept apart). Horticultural claim — verify it holds in the target region before rewording.",63,"Beans fix nitrogen in the soil that hungry cucumbers draw from.",""
"companion.bean-pea","Why bean and pea are planted together (or kept apart). Horticultural claim — verify it holds in the target region before rewording.",74,"Both fix their own nitrogen, so they share a bed without competing for it.",""
"companion.bean-potato","Why bean and potato are planted together (or kept apart). Horticultural claim — verify it holds in the target region before rewording.",61,"Beans add nitrogen and help deter the Colorado potato beetle.",""
"companion.bean-pumpkin","Why bean and pumpkin are planted together (or kept apart). Horticultural claim — verify it holds in the target region before rewording.",69,"A three-sisters pairing — beans feed the soil pumpkins sprawl across.",""
"companion.bean-rosemary","Why bean and rosemary are planted together (or kept apart). Horticultural claim — verify it holds in the target region before rewording.",53,"Rosemary's scent repels the bean beetle from the row.",""
"companion.bean-spinach","Why bean and spinach are planted together (or kept apart). Horticultural claim — verify it holds in the target region before rewording.",70,"Beans give spinach nitrogen; spinach shades the soil to hold moisture.",""
"companion.bean-strawberry","Why bean and strawberry are planted together (or kept apart). Horticultural claim — verify it holds in the target region before rewording.",64,"Beans enrich the bed while strawberries cover and cool the soil.",""
"companion.bean-zucchini","Why bean and zucchini are planted together (or kept apart). Horticultural claim — verify it holds in the target region before rewording.",56,"Beans fix nitrogen that feeds zucchini's heavy appetite.",""
"companion.beet-cabbage","Why beet and cabbage are planted together (or kept apart). Horticultural claim — verify it holds in the target region before rewording.",66,"Beets and cabbage feed at different depths, so they don't compete.",""
"companion.beet-kale","Why beet and kale are planted together (or kept apart). Horticultural claim — verify it holds in the target region before rewording.",55,"Beets loosen the soil below while kale shades it above.",""
"companion.beet-onion","Why beet and onion are planted together (or kept apart). Horticultural claim — verify it holds in the target region before rewording.",67,"Onions deter pests while beets and onions root at different depths.",""
"companion.blueberry-strawberry","Why blueberry and strawberry are planted together (or kept apart). Horticultural claim — verify it holds in the target region before rewording.",61,"Both love acidic soil and cover the ground without competing.",""
"companion.blueberry-thyme","Why blueberry and thyme are planted together (or kept apart). Horticultural claim — verify it holds in the target region before rewording.",62,"Thyme covers soil around blueberries and draws in pollinators.",""
"companion.borage-strawberry","Why borage and strawberry are planted together (or kept apart). Horticultural claim — verify it holds in the target region before rewording.",67,"Borage attracts pollinators and is said to boost strawberry flavor.",""
"companion.broccoli-celery","Why broccoli and celery are planted together (or kept apart). Horticultural claim — verify it holds in the target region before rewording.",66,"Celery's scent helps deter the cabbage moths that target broccoli.",""
"companion.broccoli-onion","Why broccoli and onion are planted together (or kept apart). Horticultural claim — verify it holds in the target region before rewording.",59,"Onions mask broccoli's scent from cabbage worms and aphids.",""
"companion.broccoli-potato","Why broccoli and potato are planted together (or kept apart). Horticultural claim — verify it holds in the target region before rewording.",62,"Both are cool-season crops that share similar timing and care.",""
"companion.broccoli-rosemary","Why broccoli and rosemary are planted together (or kept apart). Horticultural claim — verify it holds in the target region before rewording.",67,"Rosemary repels the cabbage moths and beetles that attack broccoli.",""
"companion.cabbage-celery","Why cabbage and celery are planted together (or kept apart). Horticultural claim — verify it holds in the target region before rewording.",50,"Celery deters the cabbage white moth from the bed.",""
"companion.cabbage-dill","Why cabbage and dill are planted together (or kept apart). Horticultural claim — verify it holds in the target region before rewording.",47,"Dill attracts wasps that prey on cabbage worms.",""
"companion.cabbage-mint","Why cabbage and mint are planted together (or kept apart). Horticultural claim — verify it holds in the target region before rewording.",58,"Mint's strong scent repels cabbage moths and flea beetles.",""
"companion.cabbage-onion","Why cabbage and onion are planted together (or kept apart). Horticultural claim — verify it holds in the target region before rewording.",50,"Onions mask cabbage's scent from moths and aphids.",""
"companion.cabbage-potato","Why cabbage and potato are planted together (or kept apart). Horticultural claim — verify it holds in the target region before rewording.",54,"Both are cool-season crops with compatible care needs.",""
"companion.cabbage-rosemary","Why cabbage and rosemary are planted together (or kept apart). Horticultural claim — verify it holds in the target region before rewording.",49,"Rosemary repels cabbage moths and beetles nearby.",""
"companion.cabbage-thyme","Why cabbage and thyme are planted together (or kept apart). Horticultural claim — verify it holds in the target region before rewording.",56,"Thyme deters cabbage worms and draws beneficial insects.",""
"companion.carrot-garlic","Why carrot and garlic are planted together (or kept apart). Horticultural claim — verify it holds in the target region before rewording.",41,"Garlic's scent drives off the carrot fly.",""
"companion.carrot-leek","Why carrot and leek are planted together (or kept apart). Horticultural claim — verify it holds in the target region before rewording.",56,"Leeks repel carrot flies while carrots repel leek moths.",""
"companion.carrot-mint","Why carrot and mint are planted together (or kept apart). Horticultural claim — verify it holds in the target region before rewording.",55,"Mint masks the carrot scent that attracts carrot flies.",""
"companion.carrot-pea","Why carrot and pea are planted together (or kept apart). Horticultural claim — verify it holds in the target region before rewording.",67,"Peas enrich the soil with nitrogen while carrots break it up below.",""
"companion.carrot-pepper","Why carrot and pepper are planted together (or kept apart). Horticultural claim — verify it holds in the target region before rewording.",64,"Carrots loosen soil around pepper roots and use different space.",""
"companion.carrot-radish","Why carrot and radish are planted together (or kept apart). Horticultural claim — verify it holds in the target region before rewording.",55,"Radishes mark the row and loosen soil for slow carrots.",""
"companion.carrot-rosemary","Why carrot and rosemary are planted together (or kept apart). Horticultural claim — verify it holds in the target region before rewording.",52,"Rosemary's scent confuses and repels the carrot fly.",""
"companion.carrot-sage","Why carrot and sage are planted together (or kept apart). Horticultural claim — verify it holds in the target region before rewording.",49,"Sage repels the carrot fly with its strong aroma.",""
"companion.cauliflower-celery","Why cauliflower and celery are planted together (or kept apart). Horticultural claim — verify it holds in the target region before rewording.",61,"Celery helps deter the cabbage moths that target cauliflower.",""
"companion.cauliflower-onion","Why cauliflower and onion are planted together (or kept apart). Horticultural claim — verify it holds in the target region before rewording.",43,"Onions mask cauliflower's scent from pests.",""
"companion.celery-kale","Why celery and kale are planted together (or kept apart). Horticultural claim — verify it holds in the target region before rewording.",58,"Celery's aroma deters the cabbage worms that feed on kale.",""
"companion.celery-leek","Why celery and leek are planted together (or kept apart). Horticultural claim — verify it holds in the target region before rewording.",63,"Leeks and celery deter each other's pests and root differently.",""
"companion.celery-onion","Why celery and onion are planted together (or kept apart). Horticultural claim — verify it holds in the target region before rewording.",58,"Onions deter aphids while celery uses different bed space.",""
"companion.celery-spinach","Why celery and spinach are planted together (or kept apart). Horticultural claim — verify it holds in the target region before rewording.",62,"Spinach shades the soil to keep celery's roots cool and moist.",""
"companion.celery-tomato","Why celery and tomato are planted together (or kept apart). Horticultural claim — verify it holds in the target region before rewording.",58,"Celery grows low beneath tomatoes, using space they don't.",""
"companion.cilantro-lettuce","Why cilantro and lettuce are planted together (or kept apart). Horticultural claim — verify it holds in the target region before rewording.",55,"Cilantro's flowers attract predators of lettuce aphids.",""
"companion.cilantro-spinach","Why cilantro and spinach are planted together (or kept apart). Horticultural claim — verify it holds in the target region before rewording.",53,"Both are cool-season greens that share the same care.",""
"companion.cilantro-tomato","Why cilantro and tomato are planted together (or kept apart). Horticultural claim — verify it holds in the target region before rewording.",59,"Cilantro draws in beneficial insects that protect tomatoes.",""
"companion.corn-parsley","Why corn and parsley are planted together (or kept apart). Horticultural claim — verify it holds in the target region before rewording.",50,"Parsley attracts wasps that prey on corn earworms.",""
"companion.corn-pea","Why corn and pea are planted together (or kept apart). Horticultural claim — verify it holds in the target region before rewording.",61,"Peas climb the stalks and leave nitrogen behind for the corn.",""
"companion.corn-watermelon","Why corn and watermelon are planted together (or kept apart). Horticultural claim — verify it holds in the target region before rewording.",60,"Corn gives sprawling watermelon vines light afternoon shade.",""
"companion.corn-zucchini","Why corn and zucchini are planted together (or kept apart). Horticultural claim — verify it holds in the target region before rewording.",71,"A three-sisters pairing — zucchini shades roots while corn stands tall.",""
"companion.cucumber-pea","Why cucumber and pea are planted together (or kept apart). Horticultural claim — verify it holds in the target region before rewording.",51,"Peas fix nitrogen that feeds hungry cucumber vines.",""
"companion.cucumber-sunflower","Why cucumber and sunflower are planted together (or kept apart). Horticultural claim — verify it holds in the target region before rewording.",60,"Sunflowers give cucumbers a natural trellis and light shade.",""
"companion.dill-fennel","Why dill and fennel are planted together (or kept apart). Horticultural claim — verify it holds in the target region before rewording.",63,"Both umbel herbs draw the same pollinators and predatory wasps.",""
"companion.eggplant-okra","Why eggplant and okra are planted together (or kept apart). Horticultural claim — verify it holds in the target region before rewording.",61,"Okra shelters eggplant from wind and shares warm-season care.",""
"companion.eggplant-pepper","Why eggplant and pepper are planted together (or kept apart). Horticultural claim — verify it holds in the target region before rewording.",57,"Same soil, sun, and water needs make them easy neighbors.",""
"companion.eggplant-spinach","Why eggplant and spinach are planted together (or kept apart). Horticultural claim — verify it holds in the target region before rewording.",48,"Spinach shades the soil beneath taller eggplant.",""
"companion.eggplant-tarragon","Why eggplant and tarragon are planted together (or kept apart). Horticultural claim — verify it holds in the target region before rewording.",49,"Tarragon's scent helps repel pests from eggplant.",""
"companion.eggplant-thyme","Why eggplant and thyme are planted together (or kept apart). Horticultural claim — verify it holds in the target region before rewording.",56,"Thyme deters the flea beetles that chew eggplant leaves.",""
"companion.garlic-peach","Why garlic and peach are planted together (or kept apart). Horticultural claim — verify it holds in the target region before rewording.",51,"Garlic deters borers and aphids around peach trees.",""
"companion.garlic-pepper","Why garlic and pepper are planted together (or kept apart). Horticultural claim — verify it holds in the target region before rewording.",51,"Garlic repels aphids and spider mites from peppers.",""
"companion.garlic-raspberry","Why garlic and raspberry are planted together (or kept apart). Horticultural claim — verify it holds in the target region before rewording.",67,"Garlic deters the Japanese beetles and aphids that hit raspberries.",""
"companion.garlic-rose","Why garlic and rose are planted together (or kept apart). Horticultural claim — verify it holds in the target region before rewording.",60,"Garlic repels aphids and helps fend off black spot on roses.",""
"companion.garlic-strawberry","Why garlic and strawberry are planted together (or kept apart). Horticultural claim — verify it holds in the target region before rewording.",59,"Garlic's scent protects strawberries from aphids and mites.",""
"companion.garlic-tomato","Why garlic and tomato are planted together (or kept apart). Horticultural claim — verify it holds in the target region before rewording.",56,"Garlic repels red spider mites and aphids from tomatoes.",""
"companion.horseradish-potato","Why horseradish and potato are planted together (or kept apart). Horticultural claim — verify it holds in the target region before rewording.",58,"Horseradish at the corners deters Colorado potato beetles.",""
"companion.kale-onion","Why kale and onion are planted together (or kept apart). Horticultural claim — verify it holds in the target region before rewording.",55,"Onions mask kale's scent from cabbage worms and aphids.",""
"companion.kale-potato","Why kale and potato are planted together (or kept apart). Horticultural claim — verify it holds in the target region before rewording.",57,"Both are cool-season crops that tolerate each other well.",""
"companion.lavender-lemon","Why lavender and lemon are planted together (or kept apart). Horticultural claim — verify it holds in the target region before rewording.",59,"Lavender draws pollinators and repels aphids around citrus.",""
"companion.lavender-orange","Why lavender and orange are planted together (or kept apart). Horticultural claim — verify it holds in the target region before rewording.",65,"Lavender attracts pollinators and deters pests near orange trees.",""
"companion.leek-onion","Why leek and onion are planted together (or kept apart). Horticultural claim — verify it holds in the target region before rewording.",55,"Both alliums deter the same pests and share care needs.",""
"companion.lemon-marigold","Why lemon and marigold are planted together (or kept apart). Horticultural claim — verify it holds in the target region before rewording.",65,"Marigolds deter nematodes and whiteflies in the citrus root zone.",""
"companion.lettuce-onion","Why lettuce and onion are planted together (or kept apart). Horticultural claim — verify it holds in the target region before rewording.",58,"Onions deter aphids while lettuce fills the space between.",""
"companion.lettuce-pea","Why lettuce and pea are planted together (or kept apart). Horticultural claim — verify it holds in the target region before rewording.",53,"Peas give nitrogen and light shade to tender lettuce.",""
"companion.lettuce-tomato","Why lettuce and tomato are planted together (or kept apart). Horticultural claim — verify it holds in the target region before rewording.",59,"Lettuce covers the soil beneath tomatoes and keeps it cool.",""
"companion.marigold-orange","Why marigold and orange are planted together (or kept apart). Horticultural claim — verify it holds in the target region before rewording.",61,"Marigolds deter nematodes and whiteflies around citrus roots.",""
"companion.marigold-raspberry","Why marigold and raspberry are planted together (or kept apart). Horticultural claim — verify it holds in the target region before rewording.",59,"Marigolds repel nematodes and beetles from raspberry canes.",""
"companion.melon-okra","Why melon and okra are planted together (or kept apart). Horticultural claim — verify it holds in the target region before rewording.",56,"Okra gives sprawling melon light shade and wind shelter.",""
"companion.mint-pea","Why mint and pea are planted together (or kept apart). Horticultural claim — verify it holds in the target region before rewording.",65,"Mint repels the aphids that would otherwise cluster on pea vines.",""
"companion.mint-tomato","Why mint and tomato are planted together (or kept apart). Horticultural claim — verify it holds in the target region before rewording.",58,"Mint's scent deters aphids and whiteflies around tomatoes.",""
"companion.nasturtium-pumpkin","Why nasturtium and pumpkin are planted together (or kept apart). Horticultural claim — verify it holds in the target region before rewording.",59,"Nasturtiums act as a trap crop for squash bugs and beetles.",""
"companion.nasturtium-watermelon","Why nasturtium and watermelon are planted together (or kept apart). Horticultural claim — verify it holds in the target region before rewording.",58,"Nasturtiums lure aphids and beetles away from melon vines.",""
"companion.nasturtium-zucchini","Why nasturtium and zucchini are planted together (or kept apart). Horticultural claim — verify it holds in the target region before rewording.",63,"Nasturtiums draw squash bugs away from zucchini as a trap crop.",""
"companion.okra-pepper","Why okra and pepper are planted together (or kept apart). Horticultural claim — verify it holds in the target region before rewording.",48,"Both love heat and shelter each other from wind.",""
"companion.okra-sunflower","Why okra and sunflower are planted together (or kept apart). Horticultural claim — verify it holds in the target region before rewording.",64,"Okra and sunflowers stand tall together and draw in pollinators.",""
"companion.onion-pepper","Why onion and pepper are planted together (or kept apart). Horticultural claim — verify it holds in the target region before rewording.",62,"Onions deter aphids and share peppers' steady watering rhythm.",""
"companion.oregano-zucchini","Why oregano and zucchini are planted together (or kept apart). Horticultural claim — verify it holds in the target region before rewording.",52,"Oregano repels squash bugs and aphids from zucchini.",""
"companion.parsley-pepper","Why parsley and pepper are planted together (or kept apart). Horticultural claim — verify it holds in the target region before rewording.",60,"Parsley attracts the predatory insects that protect peppers.",""
"companion.parsley-tomato","Why parsley and tomato are planted together (or kept apart). Horticultural claim — verify it holds in the target region before rewording.",58,"Parsley draws in hoverflies and wasps that guard tomatoes.",""
"companion.peach-tansy","Why peach and tansy are planted together (or kept apart). Horticultural claim — verify it holds in the target region before rewording.",56,"Tansy repels borers and flying insects from peach trees.",""
"companion.pea-potato","Why pea and potato are planted together (or kept apart). Horticultural claim — verify it holds in the target region before rewording.",58,"Peas fix nitrogen that feeds the developing potato tubers.",""
"companion.pea-radish","Why pea and radish are planted together (or kept apart). Horticultural claim — verify it holds in the target region before rewording.",53,"Radishes loosen soil and mark rows for climbing peas.",""
"companion.pea-spinach","Why pea and spinach are planted together (or kept apart). Horticultural claim — verify it holds in the target region before rewording.",52,"Peas give nitrogen and light shade to leafy spinach.",""
"companion.radish-spinach","Why radish and spinach are planted together (or kept apart). Horticultural claim — verify it holds in the target region before rewording.",57,"Radishes break up the soil while spinach shades it above.",""
"companion.raspberry-tansy","Why raspberry and tansy are planted together (or kept apart). Horticultural claim — verify it holds in the target region before rewording.",51,"Tansy repels beetles and ants from raspberry canes.",""
"companion.rosemary-sage","Why rosemary and sage are planted together (or kept apart). Horticultural claim — verify it holds in the target region before rewording.",56,"Both Mediterranean herbs share dry soil and repel pests.",""
"companion.strawberry-thyme","Why strawberry and thyme are planted together (or kept apart). Horticultural claim — verify it holds in the target region before rewording.",55,"Thyme covers soil around strawberries and deters worms.",""
"companion.sunflower-watermelon","Why sunflower and watermelon are planted together (or kept apart). Horticultural claim — verify it holds in the target region before rewording.",54,"Sunflowers give melon vines a trellis and light shade.",""
"companion.thyme-tomato","Why thyme and tomato are planted together (or kept apart). Horticultural claim — verify it holds in the target region before rewording.",61,"Thyme's scent deters worms and draws pollinators to tomatoes.",""
"pest.aphids.name","Pest name. Use the name gardeners in the target locale know; regional pest names vary a lot.",6,"Aphids",""
"pest.aphids.sign","Aphids — How to recognise this pest — symptom description. Must stay diagnostically precise.",84,"Clusters of tiny green/black bugs on new growth and leaf undersides; sticky residue.",""
"pest.aphids.fix","Aphids — Treatment instructions. SAFETY-CRITICAL: product names and availability differ by country; flag anything not sold in the target market.",81,"Blast off with water, then treat with insecticidal soap. Ladybugs help long-term.",""
"pest.aphids.prevent","Aphids — Prevention advice for this pest.",121,"Invite ladybugs and lacewings, avoid over-feeding nitrogen (it fuels soft growth they love), and check new shoots weekly.",""
"pest.tomato-hornworms.name","Pest name. Use the name gardeners in the target locale know; regional pest names vary a lot.",16,"Tomato Hornworms",""
"pest.tomato-hornworms.sign","Tomato Hornworms — How to recognise this pest — symptom description. Must stay diagnostically precise.",78,"Large green caterpillars and stripped upper leaves; dark droppings on foliage.",""
"pest.tomato-hornworms.fix","Tomato Hornworms — Treatment instructions. SAFETY-CRITICAL: product names and availability differ by country; flag anything not sold in the target market.",78,"Hand-pick at dusk (they glow under UV light). Bt spray for heavy infestations.",""
"pest.tomato-hornworms.prevent","Tomato Hornworms — Prevention advice for this pest.",103,"Till soil in fall to destroy pupae, plant dill or marigolds to draw parasitic wasps, and scout at dusk.",""
"pest.squash-bugs.name","Pest name. Use the name gardeners in the target locale know; regional pest names vary a lot.",11,"Squash Bugs",""
"pest.squash-bugs.sign","Squash Bugs — How to recognise this pest — symptom description. Must stay diagnostically precise.",67,"Bronze egg clusters on leaf undersides; wilting despite moist soil.",""
"pest.squash-bugs.fix","Squash Bugs — Treatment instructions. SAFETY-CRITICAL: product names and availability differ by country; flag anything not sold in the target market.",71,"Crush eggs early, remove adults by hand, and keep beds clear of debris.",""
"pest.squash-bugs.prevent","Squash Bugs — Prevention advice for this pest.",126,"Rotate cucurbit crops yearly, clear debris they overwinter in, use row covers until flowering, and destroy egg clusters early.",""
"pest.cabbage-worms.name","Pest name. Use the name gardeners in the target locale know; regional pest names vary a lot.",13,"Cabbage Worms",""
"pest.cabbage-worms.sign","Cabbage Worms — How to recognise this pest — symptom description. Must stay diagnostically precise.",70,"White butterflies hovering; ragged holes and green worms on brassicas.",""
"pest.cabbage-worms.fix","Cabbage Worms — Treatment instructions. SAFETY-CRITICAL: product names and availability differ by country; flag anything not sold in the target market.",69,"Row covers early in the season; Bt spray; hand-pick the caterpillars.",""
"pest.cabbage-worms.prevent","Cabbage Worms — Prevention advice for this pest.",128,"Cover brassicas with fine netting so butterflies can't lay eggs, interplant aromatic herbs, and rub off eggs on leaf undersides.",""
"pest.slugs-snails.name","Pest name. Use the name gardeners in the target locale know; regional pest names vary a lot.",14,"Slugs & Snails",""
"pest.slugs-snails.sign","Slugs & Snails — How to recognise this pest — symptom description. Must stay diagnostically precise.",68,"Slime trails and irregular holes in tender leaves, worst after rain.",""
"pest.slugs-snails.fix","Slugs & Snails — Treatment instructions. SAFETY-CRITICAL: product names and availability differ by country; flag anything not sold in the target market.",66,"Hand-pick at night, use beer traps, or ring beds with copper tape.",""
"pest.slugs-snails.prevent","Slugs & Snails — Prevention advice for this pest.",136,"Water in the morning so soil dries by nightfall, remove hiding spots like boards and thick mulch, and set copper barriers or beer traps.",""
"pest.spider-mites.name","Pest name. Use the name gardeners in the target locale know; regional pest names vary a lot.",12,"Spider Mites",""
"pest.spider-mites.sign","Spider Mites — How to recognise this pest — symptom description. Must stay diagnostically precise.",69,"Fine webbing and stippled, yellow-speckled leaves in hot, dry spells.",""
"pest.spider-mites.fix","Spider Mites — Treatment instructions. SAFETY-CRITICAL: product names and availability differ by country; flag anything not sold in the target market.",79,"Raise humidity, hose down undersides, and treat with insecticidal soap or neem.",""
"pest.spider-mites.prevent","Spider Mites — Prevention advice for this pest.",102,"Keep plants well-watered, raise humidity, avoid dusty conditions, and rinse leaf undersides regularly.",""
"pest.whiteflies.name","Pest name. Use the name gardeners in the target locale know; regional pest names vary a lot.",10,"Whiteflies",""
"pest.whiteflies.sign","Whiteflies — How to recognise this pest — symptom description. Must stay diagnostically precise.",78,"Clouds of tiny white insects fly up when leaves are disturbed; sticky residue.",""
"pest.whiteflies.fix","Whiteflies — Treatment instructions. SAFETY-CRITICAL: product names and availability differ by country; flag anything not sold in the target market.",64,"Yellow sticky traps, insecticidal soap, and encourage lacewings.",""
"pest.whiteflies.prevent","Whiteflies — Prevention advice for this pest.",109,"Hang yellow sticky traps, inspect new transplants before buying, and encourage lacewings and parasitic wasps.",""
"pest.flea-beetles.name","Pest name. Use the name gardeners in the target locale know; regional pest names vary a lot.",12,"Flea Beetles",""
"pest.flea-beetles.sign","Flea Beetles — How to recognise this pest — symptom description. Must stay diagnostically precise.",67,"Tiny 'shotgun' holes peppering young leaves; small jumping beetles.",""
"pest.flea-beetles.fix","Flea Beetles — Treatment instructions. SAFETY-CRITICAL: product names and availability differ by country; flag anything not sold in the target market.",77,"Row covers on seedlings; kaolin clay; keep plants vigorous to outgrow damage.",""
"pest.flea-beetles.prevent","Flea Beetles — Prevention advice for this pest.",103,"Float row covers over young plants, delay planting until seedlings toughen up, and keep beds weed-free.",""
"pest.japanese-beetles.name","Pest name. Use the name gardeners in the target locale know; regional pest names vary a lot.",16,"Japanese Beetles",""
"pest.japanese-beetles.sign","Japanese Beetles — How to recognise this pest — symptom description. Must stay diagnostically precise.",71,"Metallic green beetles feeding in groups, skeletonizing leaves to lace.",""
"pest.japanese-beetles.fix","Japanese Beetles — Treatment instructions. SAFETY-CRITICAL: product names and availability differ by country; flag anything not sold in the target market.",78,"Hand-pick into soapy water early morning; skip lure traps (they attract more).",""
"pest.japanese-beetles.prevent","Japanese Beetles — Prevention advice for this pest.",126,"Hand-pick in the cool morning, keep plants healthy, and treat lawns for grubs; skip pheromone traps that lure more beetles in.",""
"pest.cucumber-beetles.name","Pest name. Use the name gardeners in the target locale know; regional pest names vary a lot.",16,"Cucumber Beetles",""
"pest.cucumber-beetles.sign","Cucumber Beetles — How to recognise this pest — symptom description. Must stay diagnostically precise.",77,"Yellow-and-black striped or spotted beetles; they also spread bacterial wilt.",""
"pest.cucumber-beetles.fix","Cucumber Beetles — Treatment instructions. SAFETY-CRITICAL: product names and availability differ by country; flag anything not sold in the target market.",70,"Row covers until flowering, then hand-pick; mulch to deter egg-laying.",""
"pest.cucumber-beetles.prevent","Cucumber Beetles — Prevention advice for this pest.",114,"Use row covers until flowering, choose resistant varieties, mulch to deter egg-laying, and rotate crops each year.",""
"pest.cutworms.name","Pest name. Use the name gardeners in the target locale know; regional pest names vary a lot.",8,"Cutworms",""
"pest.cutworms.sign","Cutworms — How to recognise this pest — symptom description. Must stay diagnostically precise.",75,"Seedlings cut clean off at the soil line overnight; fat grey curled larvae.",""
"pest.cutworms.fix","Cutworms — Treatment instructions. SAFETY-CRITICAL: product names and availability differ by country; flag anything not sold in the target market.",75,"Ring stems with a cardboard collar, clear debris, and hand-pick after dark.",""
"pest.cutworms.prevent","Cutworms — Prevention advice for this pest.",121,"Ring stems with cardboard or foil collars, clear weeds and debris they hide in, and delay planting to thin their numbers.",""
"pest.thrips.name","Pest name. Use the name gardeners in the target locale know; regional pest names vary a lot.",6,"Thrips",""
"pest.thrips.sign","Thrips — How to recognise this pest — symptom description. Must stay diagnostically precise.",67,"Silvery streaks and distorted new growth; tiny fast-moving slivers.",""
"pest.thrips.fix","Thrips — Treatment instructions. SAFETY-CRITICAL: product names and availability differ by country; flag anything not sold in the target market.",78,"Blue sticky traps, insecticidal soap, and encourage lacewings and pirate bugs.",""
"pest.thrips.prevent","Thrips — Prevention advice for this pest.",100,"Set blue sticky traps, clear weeds that harbor them, and encourage minute pirate bugs and lacewings.",""
"pest.colorado-potato-beetle.name","Pest name. Use the name gardeners in the target locale know; regional pest names vary a lot.",22,"Colorado Potato Beetle",""
"pest.colorado-potato-beetle.sign","Colorado Potato Beetle — How to recognise this pest — symptom description. Must stay diagnostically precise.",73,"Yellow-orange striped beetles and red humpbacked larvae stripping leaves.",""
"pest.colorado-potato-beetle.fix","Colorado Potato Beetle — Treatment instructions. SAFETY-CRITICAL: product names and availability differ by country; flag anything not sold in the target market.",80,"Hand-pick adults, crush the orange egg clusters under leaves, and mulch heavily.",""
"pest.colorado-potato-beetle.prevent","Colorado Potato Beetle — Prevention advice for this pest.",120,"Rotate nightshade crops far from last year's bed, mulch deeply, and hand-pick adults while crushing orange egg clusters.",""
"pest.squash-vine-borers.name","Pest name. Use the name gardeners in the target locale know; regional pest names vary a lot.",18,"Squash Vine Borers",""
"pest.squash-vine-borers.sign","Squash Vine Borers — How to recognise this pest — symptom description. Must stay diagnostically precise.",83,"A squash vine wilts suddenly, with sawdust-like frass near a hole at the stem base.",""
"pest.squash-vine-borers.fix","Squash Vine Borers — Treatment instructions. SAFETY-CRITICAL: product names and availability differ by country; flag anything not sold in the target market.",93,"Slit the stem lengthwise to remove the grub, then mound moist soil over the wound to re-root.",""
"pest.squash-vine-borers.prevent","Squash Vine Borers — Prevention advice for this pest.",110,"Cover plants with row cover until they flower, wrap stem bases in foil, and destroy spent vines after harvest.",""
"pest.leaf-miners.name","Pest name. Use the name gardeners in the target locale know; regional pest names vary a lot.",11,"Leaf Miners",""
"pest.leaf-miners.sign","Leaf Miners — How to recognise this pest — symptom description. Must stay diagnostically precise.",73,"Winding white or tan squiggly tunnels traced just under the leaf surface.",""
"pest.leaf-miners.fix","Leaf Miners — Treatment instructions. SAFETY-CRITICAL: product names and availability differ by country; flag anything not sold in the target market.",81,"Pick off and destroy mined leaves, use row covers, and encourage parasitic wasps.",""
"pest.leaf-miners.prevent","Leaf Miners — Prevention advice for this pest.",106,"Remove affected leaves early, float row covers over seedlings, and clear weeds where the flies overwinter.",""
"pest.scale-insects.name","Pest name. Use the name gardeners in the target locale know; regional pest names vary a lot.",13,"Scale Insects",""
"pest.scale-insects.sign","Scale Insects — How to recognise this pest — symptom description. Must stay diagnostically precise.",91,"Small brown or waxy bumps clustered on stems and leaf undersides that don't rub off easily.",""
"pest.scale-insects.fix","Scale Insects — Treatment instructions. SAFETY-CRITICAL: product names and availability differ by country; flag anything not sold in the target market.",88,"Scrape off gently, dab with rubbing alcohol, or spray horticultural oil to smother them.",""
"pest.scale-insects.prevent","Scale Insects — Prevention advice for this pest.",102,"Inspect new plants before buying, prune heavily infested growth, and encourage ladybugs and lacewings.",""
"pest.mealybugs.name","Pest name. Use the name gardeners in the target locale know; regional pest names vary a lot.",9,"Mealybugs",""
"pest.mealybugs.sign","Mealybugs — How to recognise this pest — symptom description. Must stay diagnostically precise.",70,"Fluffy white cottony masses tucked into leaf joints and stem crevices.",""
"pest.mealybugs.fix","Mealybugs — Treatment instructions. SAFETY-CRITICAL: product names and availability differ by country; flag anything not sold in the target market.",87,"Wipe off with an alcohol-dipped cotton swab, then treat with insecticidal soap or neem.",""
"pest.mealybugs.prevent","Mealybugs — Prevention advice for this pest.",106,"Quarantine new plants, avoid over-fertilizing, and hose down or wipe leaves regularly to catch them early.",""
"pest.earwigs.name","Pest name. Use the name gardeners in the target locale know; regional pest names vary a lot.",7,"Earwigs",""
"pest.earwigs.sign","Earwigs — How to recognise this pest — symptom description. Must stay diagnostically precise.",90,"Ragged holes in tender leaves and petals overnight, plus pincer-tailed bugs hiding by day.",""
"pest.earwigs.fix","Earwigs — Treatment instructions. SAFETY-CRITICAL: product names and availability differ by country; flag anything not sold in the target market.",94,"Set rolled-newspaper or oil traps at dusk, and clear damp mulch and debris where they shelter.",""
"pest.earwigs.prevent","Earwigs — Prevention advice for this pest.",108,"Reduce damp hiding spots, water in the morning, and trap them with rolled damp newspaper left out overnight.",""
"pest.grasshoppers.name","Pest name. Use the name gardeners in the target locale know; regional pest names vary a lot.",12,"Grasshoppers",""
"pest.grasshoppers.sign","Grasshoppers — How to recognise this pest — symptom description. Must stay diagnostically precise.",91,"Large ragged bites chewed from leaf edges inward, with bugs that leap away as you approach.",""
"pest.grasshoppers.fix","Grasshoppers — Treatment instructions. SAFETY-CRITICAL: product names and availability differ by country; flag anything not sold in the target market.",89,"Hand-pick in the cool morning, use floating row covers, and keep weedy field edges mowed.",""
"pest.grasshoppers.prevent","Grasshoppers — Prevention advice for this pest.",113,"Cover vulnerable crops, encourage birds, keep surrounding weeds down, and apply Nosema baits early in the season.",""
"pest.cabbage-loopers.name","Pest name. Use the name gardeners in the target locale know; regional pest names vary a lot.",15,"Cabbage Loopers",""
"pest.cabbage-loopers.sign","Cabbage Loopers — How to recognise this pest — symptom description. Must stay diagnostically precise.",88,"Pale green caterpillars that arch into a loop as they crawl, leaving large ragged holes.",""
"pest.cabbage-loopers.fix","Cabbage Loopers — Treatment instructions. SAFETY-CRITICAL: product names and availability differ by country; flag anything not sold in the target market.",95,"Hand-pick, apply Bt spray, and use row covers to block the night-flying moths from laying eggs.",""
"pest.cabbage-loopers.prevent","Cabbage Loopers — Prevention advice for this pest.",89,"Net brassicas early, remove eggs on leaf undersides, and rotate crops to break the cycle.",""
"pest.corn-earworms.name","Pest name. Use the name gardeners in the target locale know; regional pest names vary a lot.",13,"Corn Earworms",""
"pest.corn-earworms.sign","Corn Earworms — How to recognise this pest — symptom description. Must stay diagnostically precise.",92,"Caterpillars burrowed into the tips of corn ears (or tomato fruit), with frass at the entry.",""
"pest.corn-earworms.fix","Corn Earworms — Treatment instructions. SAFETY-CRITICAL: product names and availability differ by country; flag anything not sold in the target market.",85,"Apply a few drops of mineral oil to silk tips, use Bt, and hand-pick where practical.",""
"pest.corn-earworms.prevent","Corn Earworms — Prevention advice for this pest.",102,"Choose tight-husked corn varieties, treat silks early, and till in fall to expose overwintering pupae.",""
"fertilizer-intelligence.1","From components/FertilizerIntelligenceCard.js — horticultural content shown in the app. Keep advice accurate for the target region; flag anything that would not apply there.",26,"🌱 Early Spring (Hot Zone)",""
"fertilizer-intelligence.2","From components/FertilizerIntelligenceCard.js — horticultural content shown in the app. Keep advice accurate for the target region; flag anything that would not apply there.",19,"Balanced (10-10-10)",""
"fertilizer-intelligence.3","From components/FertilizerIntelligenceCard.js — horticultural content shown in the app. Keep advice accurate for the target region; flag anything that would not apply there.",55,"Use slow-release granular fertilizer for steady feeding",""
"fertilizer-intelligence.4","From components/FertilizerIntelligenceCard.js — horticultural content shown in the app. Keep advice accurate for the target region; flag anything that would not apply there.",96,"Warm zones start growing early. A balanced feed now kickstarts roots before summer heat arrives.",""
"fertilizer-intelligence.5","From components/FertilizerIntelligenceCard.js — horticultural content shown in the app. Keep advice accurate for the target region; flag anything that would not apply there.",13,"Every 2 weeks",""
"fertilizer-intelligence.6","From components/FertilizerIntelligenceCard.js — horticultural content shown in the app. Keep advice accurate for the target region; flag anything that would not apply there.",24,"Early morning before 9am",""
"fertilizer-intelligence.7","From components/FertilizerIntelligenceCard.js — horticultural content shown in the app. Keep advice accurate for the target region; flag anything that would not apply there.",91,"In hot zones spring is short — get nutrients in early before temperatures spike above 95°F.",""
"fertilizer-intelligence.8","From components/FertilizerIntelligenceCard.js — horticultural content shown in the app. Keep advice accurate for the target region; flag anything that would not apply there.",20,"🔥 Summer (Hot Zone)",""
"fertilizer-intelligence.9","From components/FertilizerIntelligenceCard.js — horticultural content shown in the app. Keep advice accurate for the target region; flag anything that would not apply there.",28,"Low Nitrogen, High Potassium",""
"fertilizer-intelligence.10","From components/FertilizerIntelligenceCard.js — horticultural content shown in the app. Keep advice accurate for the target region; flag anything that would not apply there.",45,"Look for 3-5-7 or 0-0-50 potassium fertilizer",""
"fertilizer-intelligence.11","From components/FertilizerIntelligenceCard.js — horticultural content shown in the app. Keep advice accurate for the target region; flag anything that would not apply there.",42,"Summer heat in warm zones stresses plants.",""
"fertilizer-intelligence.12","From components/FertilizerIntelligenceCard.js — horticultural content shown in the app. Keep advice accurate for the target region; flag anything that would not apply there.",20,"Once every 3-4 weeks",""
"fertilizer-intelligence.13","From components/FertilizerIntelligenceCard.js — horticultural content shown in the app. Keep advice accurate for the target region; flag anything that would not apply there.",33,"Early morning only — never midday",""
"fertilizer-intelligence.14","From components/FertilizerIntelligenceCard.js — horticultural content shown in the app. Keep advice accurate for the target region; flag anything that would not apply there.",104,"Skip fertilizing on days above 98°F. Heat plus fertilizer salts can burn roots rapidly in warm climates.",""
"fertilizer-intelligence.15","From components/FertilizerIntelligenceCard.js — horticultural content shown in the app. Keep advice accurate for the target region; flag anything that would not apply there.",25,"🍂 Fall/Winter (Hot Zone)",""
"fertilizer-intelligence.16","From components/FertilizerIntelligenceCard.js — horticultural content shown in the app. Keep advice accurate for the target region; flag anything that would not apply there.",24,"Phosphorus-Rich (5-10-5)",""
"fertilizer-intelligence.17","From components/FertilizerIntelligenceCard.js — horticultural content shown in the app. Keep advice accurate for the target region; flag anything that would not apply there.",39,"Bone meal or superphosphate works great",""
"fertilizer-intelligence.18","From components/FertilizerIntelligenceCard.js — horticultural content shown in the app. Keep advice accurate for the target region; flag anything that would not apply there.",113,"Fall and winter are prime growing season in hot zones. Phosphorus now supports strong root and fruit development.",""
"fertilizer-intelligence.19","From components/FertilizerIntelligenceCard.js — horticultural content shown in the app. Keep advice accurate for the target region; flag anything that would not apply there.",15,"Every 2-3 weeks",""
"fertilizer-intelligence.20","From components/FertilizerIntelligenceCard.js — horticultural content shown in the app. Keep advice accurate for the target region; flag anything that would not apply there.",20,"Morning or afternoon",""
"fertilizer-intelligence.21","From components/FertilizerIntelligenceCard.js — horticultural content shown in the app. Keep advice accurate for the target region; flag anything that would not apply there.",104,"Hot zone gardeners get a second growing season in fall — treat it like spring and fertilize accordingly.",""
"fertilizer-intelligence.22","From components/FertilizerIntelligenceCard.js — horticultural content shown in the app. Keep advice accurate for the target region; flag anything that would not apply there.",20,"🌿 Winter (Hot Zone)",""
"fertilizer-intelligence.23","From components/FertilizerIntelligenceCard.js — horticultural content shown in the app. Keep advice accurate for the target region; flag anything that would not apply there.",19,"Light Balanced Feed",""
"fertilizer-intelligence.24","From components/FertilizerIntelligenceCard.js — horticultural content shown in the app. Keep advice accurate for the target region; flag anything that would not apply there.",42,"Diluted liquid fertilizer at half strength",""
"fertilizer-intelligence.25","From components/FertilizerIntelligenceCard.js — horticultural content shown in the app. Keep advice accurate for the target region; flag anything that would not apply there.",113,"Mild winters in warm zones mean plants keep growing slowly. Light feeding keeps them healthy without overloading.",""
"fertilizer-intelligence.26","From components/FertilizerIntelligenceCard.js — horticultural content shown in the app. Keep advice accurate for the target region; flag anything that would not apply there.",12,"Once a month",""
"fertilizer-intelligence.27","From components/FertilizerIntelligenceCard.js — horticultural content shown in the app. Keep advice accurate for the target region; flag anything that would not apply there.",29,"Midday when temps are warmest",""
"fertilizer-intelligence.28","From components/FertilizerIntelligenceCard.js — horticultural content shown in the app. Keep advice accurate for the target region; flag anything that would not apply there.",101,"Even in winter, hot zone plants benefit from occasional feeding — just reduce the dose significantly.",""
"fertilizer-intelligence.29","From components/FertilizerIntelligenceCard.js — horticultural content shown in the app. Keep advice accurate for the target region; flag anything that would not apply there.",26,"🌱 Late Spring (Cold Zone)",""
"fertilizer-intelligence.30","From components/FertilizerIntelligenceCard.js — horticultural content shown in the app. Keep advice accurate for the target region; flag anything that would not apply there.",17,"High Nitrogen (N)",""
"fertilizer-intelligence.31","From components/FertilizerIntelligenceCard.js — horticultural content shown in the app. Keep advice accurate for the target region; flag anything that would not apply there.",50,"Look for 20-20-20 or blood meal for nitrogen boost",""
"fertilizer-intelligence.32","From components/FertilizerIntelligenceCard.js — horticultural content shown in the app. Keep advice accurate for the target region; flag anything that would not apply there.",97,"Cold zones have a short growing window. High nitrogen now accelerates leafy growth before summer.",""
"fertilizer-intelligence.33","From components/FertilizerIntelligenceCard.js — horticultural content shown in the app. Keep advice accurate for the target region; flag anything that would not apply there.",36,"Morning after last frost risk passes",""
"fertilizer-intelligence.34","From components/FertilizerIntelligenceCard.js — horticultural content shown in the app. Keep advice accurate for the target region; flag anything that would not apply there.",105,"Wait until soil temps reach at least 50°F before fertilizing — cold soil can't absorb nutrients properly.",""
"fertilizer-intelligence.35","From components/FertilizerIntelligenceCard.js — horticultural content shown in the app. Keep advice accurate for the target region; flag anything that would not apply there.",21,"☀️ Summer (Cold Zone)",""
"fertilizer-intelligence.36","From components/FertilizerIntelligenceCard.js — horticultural content shown in the app. Keep advice accurate for the target region; flag anything that would not apply there.",41,"Granular slow-release balanced fertilizer",""
"fertilizer-intelligence.37","From components/FertilizerIntelligenceCard.js — horticultural content shown in the app. Keep advice accurate for the target region; flag anything that would not apply there.",108,"Peak growing season in cold zones is short. A balanced feed keeps plants productive through the warm months.",""
"fertilizer-intelligence.38","From components/FertilizerIntelligenceCard.js — horticultural content shown in the app. Keep advice accurate for the target region; flag anything that would not apply there.",13,"Early morning",""
"fertilizer-intelligence.39","From components/FertilizerIntelligenceCard.js — horticultural content shown in the app. Keep advice accurate for the target region; flag anything that would not apply there.",79,"Mid-summer is your most important feeding window in cold zones — don't skip it.",""
"fertilizer-intelligence.40","From components/FertilizerIntelligenceCard.js — horticultural content shown in the app. Keep advice accurate for the target region; flag anything that would not apply there.",25,"🍂 Early Fall (Cold Zone)",""
"fertilizer-intelligence.41","From components/FertilizerIntelligenceCard.js — horticultural content shown in the app. Keep advice accurate for the target region; flag anything that would not apply there.",18,"High Potassium (K)",""
"fertilizer-intelligence.42","From components/FertilizerIntelligenceCard.js — horticultural content shown in the app. Keep advice accurate for the target region; flag anything that would not apply there.",49,"Look for 0-0-60 or wood ash for natural potassium",""
"fertilizer-intelligence.43","From components/FertilizerIntelligenceCard.js — horticultural content shown in the app. Keep advice accurate for the target region; flag anything that would not apply there.",90,"Potassium helps cold zone plants harden off and store energy before the long winter ahead.",""
"fertilizer-intelligence.44","From components/FertilizerIntelligenceCard.js — horticultural content shown in the app. Keep advice accurate for the target region; flag anything that would not apply there.",23,"Once in early fall only",""
"fertilizer-intelligence.45","From components/FertilizerIntelligenceCard.js — horticultural content shown in the app. Keep advice accurate for the target region; flag anything that would not apply there.",7,"Morning",""
"fertilizer-intelligence.46","From components/FertilizerIntelligenceCard.js — horticultural content shown in the app. Keep advice accurate for the target region; flag anything that would not apply there.",114,"Stop all fertilizing by mid-October in cold zones — new growth triggered late in the season will be frost damaged.",""
"fertilizer-intelligence.47","From components/FertilizerIntelligenceCard.js — horticultural content shown in the app. Keep advice accurate for the target region; flag anything that would not apply there.",34,"❄️ Winter/Early Spring (Cold Zone)",""
"fertilizer-intelligence.48","From components/FertilizerIntelligenceCard.js — horticultural content shown in the app. Keep advice accurate for the target region; flag anything that would not apply there.",17,"No feeding needed",""
"fertilizer-intelligence.49","From components/FertilizerIntelligenceCard.js — horticultural content shown in the app. Keep advice accurate for the target region; flag anything that would not apply there.",27,"Add compost to beds instead",""
"fertilizer-intelligence.50","From components/FertilizerIntelligenceCard.js — horticultural content shown in the app. Keep advice accurate for the target region; flag anything that would not apply there.",107,"Plants in cold zones are fully dormant. Fertilizing now is wasteful and can damage roots under frozen soil.",""
"fertilizer-intelligence.51","From components/FertilizerIntelligenceCard.js — horticultural content shown in the app. Keep advice accurate for the target region; flag anything that would not apply there.",22,"Skip until late spring",""
"fertilizer-intelligence.52","From components/FertilizerIntelligenceCard.js — horticultural content shown in the app. Keep advice accurate for the target region; flag anything that would not apply there.",21,"Wait for soil to thaw",""
"fertilizer-intelligence.53","From components/FertilizerIntelligenceCard.js — horticultural content shown in the app. Keep advice accurate for the target region; flag anything that would not apply there.",111,"Use winter to improve your soil with compost. By the time plants wake up in spring the nutrients will be ready.",""
"fertilizer-intelligence.54","From components/FertilizerIntelligenceCard.js — horticultural content shown in the app. Keep advice accurate for the target region; flag anything that would not apply there.",25,"🌱 Spring (Moderate Zone)",""
"fertilizer-intelligence.55","From components/FertilizerIntelligenceCard.js — horticultural content shown in the app. Keep advice accurate for the target region; flag anything that would not apply there.",49,"Look for 10-10-10 or 20-20-20 balanced fertilizer",""
"fertilizer-intelligence.56","From components/FertilizerIntelligenceCard.js — horticultural content shown in the app. Keep advice accurate for the target region; flag anything that would not apply there.",93,"Spring is peak leafy growth season. Nitrogen fuels green foliage and strong stem development.",""
"fertilizer-intelligence.57","From components/FertilizerIntelligenceCard.js — horticultural content shown in the app. Keep advice accurate for the target region; flag anything that would not apply there.",25,"Early morning before 10am",""
"fertilizer-intelligence.58","From components/FertilizerIntelligenceCard.js — horticultural content shown in the app. Keep advice accurate for the target region; flag anything that would not apply there.",87,"Water your plants the day before fertilizing so roots absorb nutrients without burning.",""
"fertilizer-intelligence.59","From components/FertilizerIntelligenceCard.js — horticultural content shown in the app. Keep advice accurate for the target region; flag anything that would not apply there.",25,"☀️ Summer (Moderate Zone)",""
"fertilizer-intelligence.60","From components/FertilizerIntelligenceCard.js — horticultural content shown in the app. Keep advice accurate for the target region; flag anything that would not apply there.",19,"High Phosphorus (P)",""
"fertilizer-intelligence.61","From components/FertilizerIntelligenceCard.js — horticultural content shown in the app. Keep advice accurate for the target region; flag anything that would not apply there.",43,"Look for 5-10-5 or bloom booster fertilizer",""
"fertilizer-intelligence.62","From components/FertilizerIntelligenceCard.js — horticultural content shown in the app. Keep advice accurate for the target region; flag anything that would not apply there.",88,"Summer triggers flowering and fruiting. Phosphorus supports strong blooms and fruit set.",""
"fertilizer-intelligence.63","From components/FertilizerIntelligenceCard.js — horticultural content shown in the app. Keep advice accurate for the target region; flag anything that would not apply there.",13,"Every 3 weeks",""
"fertilizer-intelligence.64","From components/FertilizerIntelligenceCard.js — horticultural content shown in the app. Keep advice accurate for the target region; flag anything that would not apply there.",31,"Early morning before heat peaks",""
"fertilizer-intelligence.65","From components/FertilizerIntelligenceCard.js — horticultural content shown in the app. Keep advice accurate for the target region; flag anything that would not apply there.",92,"Avoid fertilizing during heat waves above 95°F — wait for a cooler day to prevent root burn.",""
"fertilizer-intelligence.66","From components/FertilizerIntelligenceCard.js — horticultural content shown in the app. Keep advice accurate for the target region; flag anything that would not apply there.",23,"🍂 Fall (Moderate Zone)",""
"fertilizer-intelligence.67","From components/FertilizerIntelligenceCard.js — horticultural content shown in the app. Keep advice accurate for the target region; flag anything that would not apply there.",40,"Look for 0-0-60 or 3-5-7 root fertilizer",""
"fertilizer-intelligence.68","From components/FertilizerIntelligenceCard.js — horticultural content shown in the app. Keep advice accurate for the target region; flag anything that would not apply there.",81,"Fall feeding strengthens roots and helps plants store energy for winter dormancy.",""
"fertilizer-intelligence.69","From components/FertilizerIntelligenceCard.js — horticultural content shown in the app. Keep advice accurate for the target region; flag anything that would not apply there.",26,"Morning or early afternoon",""
"fertilizer-intelligence.70","From components/FertilizerIntelligenceCard.js — horticultural content shown in the app. Keep advice accurate for the target region; flag anything that would not apply there.",88,"Cut back on nitrogen in fall — too much green growth now will be damaged by first frost.",""
"fertilizer-intelligence.71","From components/FertilizerIntelligenceCard.js — horticultural content shown in the app. Keep advice accurate for the target region; flag anything that would not apply there.",25,"❄️ Winter (Moderate Zone)",""
"fertilizer-intelligence.72","From components/FertilizerIntelligenceCard.js — horticultural content shown in the app. Keep advice accurate for the target region; flag anything that would not apply there.",15,"Minimal feeding",""
"fertilizer-intelligence.73","From components/FertilizerIntelligenceCard.js — horticultural content shown in the app. Keep advice accurate for the target region; flag anything that would not apply there.",29,"Compost or worm castings only",""
"fertilizer-intelligence.74","From components/FertilizerIntelligenceCard.js — horticultural content shown in the app. Keep advice accurate for the target region; flag anything that would not apply there.",90,"Most plants are dormant in winter. Heavy fertilizing now can burn roots and stress plants.",""
"fertilizer-intelligence.75","From components/FertilizerIntelligenceCard.js — horticultural content shown in the app. Keep advice accurate for the target region; flag anything that would not apply there.",43,"Once every 6-8 weeks for indoor plants only",""
"fertilizer-intelligence.76","From components/FertilizerIntelligenceCard.js — horticultural content shown in the app. Keep advice accurate for the target region; flag anything that would not apply there.",90,"Focus on soil health this season — add compost to garden beds to prep for spring planting.",""
"fertilizer-intelligence.77","From components/FertilizerIntelligenceCard.js — horticultural content shown in the app. Keep advice accurate for the target region; flag anything that would not apply there.",73,"Too hot to fertilize today. Wait for temps below 90°F to avoid root burn.",""
"fertilizer-intelligence.78","From components/FertilizerIntelligenceCard.js — horticultural content shown in the app. Keep advice accurate for the target region; flag anything that would not apply there.",92,"Rain expected today. Hold off — heavy rain will wash away fertilizer before roots absorb it.",""
"fertilizer-intelligence.79","From components/FertilizerIntelligenceCard.js — horticultural content shown in the app. Keep advice accurate for the target region; flag anything that would not apply there.",88,"Frost risk tonight. Don't fertilize — cold temps slow nutrient absorption significantly.",""
"fertilizer-intelligence.80","From components/FertilizerIntelligenceCard.js — horticultural content shown in the app. Keep advice accurate for the target region; flag anything that would not apply there.",101,"Great conditions to fertilize today. Mild temps and low rain chance means nutrients will absorb well.",""
"fertilizer-intelligence.81","From components/FertilizerIntelligenceCard.js — horticultural content shown in the app. Keep advice accurate for the target region; flag anything that would not apply there.",9,"Frequency",""
"guild-templates.1","From components/GuildTemplatesCard.js — horticultural content shown in the app. Keep advice accurate for the target region; flag anything that would not apply there.",13,"Three Sisters",""
"guild-templates.2","From components/GuildTemplatesCard.js — horticultural content shown in the app. Keep advice accurate for the target region; flag anything that would not apply there.",101,"The classic Native American trio — corn supports beans, beans feed the soil, squash shades out weeds.",""
"guild-templates.3","From components/GuildTemplatesCard.js — horticultural content shown in the app. Keep advice accurate for the target region; flag anything that would not apply there.",4,"Corn",""
"guild-templates.4","From components/GuildTemplatesCard.js — horticultural content shown in the app. Keep advice accurate for the target region; flag anything that would not apply there.",10,"Green Bean",""
"guild-templates.5","From components/GuildTemplatesCard.js — horticultural content shown in the app. Keep advice accurate for the target region; flag anything that would not apply there.",16,"Butternut Squash",""
"guild-templates.6","From components/GuildTemplatesCard.js — horticultural content shown in the app. Keep advice accurate for the target region; flag anything that would not apply there.",8,"Zucchini",""
"guild-templates.7","From components/GuildTemplatesCard.js — horticultural content shown in the app. Keep advice accurate for the target region; flag anything that would not apply there.",12,"Salsa Garden",""
"guild-templates.8","From components/GuildTemplatesCard.js — horticultural content shown in the app. Keep advice accurate for the target region; flag anything that would not apply there.",38,"Everything for fresh salsa in one bed.",""
"guild-templates.9","From components/GuildTemplatesCard.js — horticultural content shown in the app. Keep advice accurate for the target region; flag anything that would not apply there.",6,"Tomato",""
"guild-templates.10","From components/GuildTemplatesCard.js — horticultural content shown in the app. Keep advice accurate for the target region; flag anything that would not apply there.",6,"Pepper",""
"guild-templates.11","From components/GuildTemplatesCard.js — horticultural content shown in the app. Keep advice accurate for the target region; flag anything that would not apply there.",5,"Onion",""
"guild-templates.12","From components/GuildTemplatesCard.js — horticultural content shown in the app. Keep advice accurate for the target region; flag anything that would not apply there.",8,"Cilantro",""
"guild-templates.13","From components/GuildTemplatesCard.js — horticultural content shown in the app. Keep advice accurate for the target region; flag anything that would not apply there.",8,"Jalapeño",""
"guild-templates.14","From components/GuildTemplatesCard.js — horticultural content shown in the app. Keep advice accurate for the target region; flag anything that would not apply there.",12,"Pizza Garden",""
"guild-templates.15","From components/GuildTemplatesCard.js — horticultural content shown in the app. Keep advice accurate for the target region; flag anything that would not apply there.",44,"Toppings and herbs for homemade pizza night.",""
"guild-templates.16","From components/GuildTemplatesCard.js — horticultural content shown in the app. Keep advice accurate for the target region; flag anything that would not apply there.",5,"Basil",""
"guild-templates.17","From components/GuildTemplatesCard.js — horticultural content shown in the app. Keep advice accurate for the target region; flag anything that would not apply there.",7,"Oregano",""
"guild-templates.18","From components/GuildTemplatesCard.js — horticultural content shown in the app. Keep advice accurate for the target region; flag anything that would not apply there.",16,"Pollinator Patch",""
"guild-templates.19","From components/GuildTemplatesCard.js — horticultural content shown in the app. Keep advice accurate for the target region; flag anything that would not apply there.",61,"Draw bees and butterflies to boost your whole garden's yield.",""
"guild-templates.20","From components/GuildTemplatesCard.js — horticultural content shown in the app. Keep advice accurate for the target region; flag anything that would not apply there.",8,"Marigold",""
"guild-templates.21","From components/GuildTemplatesCard.js — horticultural content shown in the app. Keep advice accurate for the target region; flag anything that would not apply there.",6,"Borage",""
"guild-templates.22","From components/GuildTemplatesCard.js — horticultural content shown in the app. Keep advice accurate for the target region; flag anything that would not apply there.",8,"Lavender",""
"guild-templates.23","From components/GuildTemplatesCard.js — horticultural content shown in the app. Keep advice accurate for the target region; flag anything that would not apply there.",9,"Chamomile",""
"guild-templates.24","From components/GuildTemplatesCard.js — horticultural content shown in the app. Keep advice accurate for the target region; flag anything that would not apply there.",4,"Mint",""
"guild-templates.25","From components/GuildTemplatesCard.js — horticultural content shown in the app. Keep advice accurate for the target region; flag anything that would not apply there.",10,"Salad Bowl",""
"guild-templates.26","From components/GuildTemplatesCard.js — horticultural content shown in the app. Keep advice accurate for the target region; flag anything that would not apply there.",51,"Fast, cut-and-come-again greens for endless salads.",""
"guild-templates.27","From components/GuildTemplatesCard.js — horticultural content shown in the app. Keep advice accurate for the target region; flag anything that would not apply there.",7,"Lettuce",""
"guild-templates.28","From components/GuildTemplatesCard.js — horticultural content shown in the app. Keep advice accurate for the target region; flag anything that would not apply there.",7,"Spinach",""
"guild-templates.29","From components/GuildTemplatesCard.js — horticultural content shown in the app. Keep advice accurate for the target region; flag anything that would not apply there.",7,"Arugula",""
"guild-templates.30","From components/GuildTemplatesCard.js — horticultural content shown in the app. Keep advice accurate for the target region; flag anything that would not apply there.",6,"Radish",""
"guild-templates.31","From components/GuildTemplatesCard.js — horticultural content shown in the app. Keep advice accurate for the target region; flag anything that would not apply there.",8,"Cucumber",""
"guild-templates.32","From components/GuildTemplatesCard.js — horticultural content shown in the app. Keep advice accurate for the target region; flag anything that would not apply there.",11,"Herb Spiral",""
"guild-templates.33","From components/GuildTemplatesCard.js — horticultural content shown in the app. Keep advice accurate for the target region; flag anything that would not apply there.",45,"A compact mix of the most-used kitchen herbs.",""
"guild-templates.34","From components/GuildTemplatesCard.js — horticultural content shown in the app. Keep advice accurate for the target region; flag anything that would not apply there.",7,"Parsley",""
"guild-templates.35","From components/GuildTemplatesCard.js — horticultural content shown in the app. Keep advice accurate for the target region; flag anything that would not apply there.",5,"Thyme",""
"guild-templates.36","From components/GuildTemplatesCard.js — horticultural content shown in the app. Keep advice accurate for the target region; flag anything that would not apply there.",8,"Rosemary",""
"guild-templates.37","From components/GuildTemplatesCard.js — horticultural content shown in the app. Keep advice accurate for the target region; flag anything that would not apply there.",15,"Stir-Fry Garden",""
"guild-templates.38","From components/GuildTemplatesCard.js — horticultural content shown in the app. Keep advice accurate for the target region; flag anything that would not apply there.",57,"Everything for a quick wok dinner, straight from the bed.",""
"guild-templates.39","From components/GuildTemplatesCard.js — horticultural content shown in the app. Keep advice accurate for the target region; flag anything that would not apply there.",8,"Bok Choy",""
"guild-templates.40","From components/GuildTemplatesCard.js — horticultural content shown in the app. Keep advice accurate for the target region; flag anything that would not apply there.",12,"Napa Cabbage",""
"guild-templates.41","From components/GuildTemplatesCard.js — horticultural content shown in the app. Keep advice accurate for the target region; flag anything that would not apply there.",8,"Snap Pea",""
"guild-templates.42","From components/GuildTemplatesCard.js — horticultural content shown in the app. Keep advice accurate for the target region; flag anything that would not apply there.",6,"Ginger",""
"guild-templates.43","From components/GuildTemplatesCard.js — horticultural content shown in the app. Keep advice accurate for the target region; flag anything that would not apply there.",8,"Scallion",""
"guild-templates.44","From components/GuildTemplatesCard.js — horticultural content shown in the app. Keep advice accurate for the target region; flag anything that would not apply there.",6,"Garlic",""
"guild-templates.45","From components/GuildTemplatesCard.js — horticultural content shown in the app. Keep advice accurate for the target region; flag anything that would not apply there.",15,"Root Cellar Mix",""
"guild-templates.46","From components/GuildTemplatesCard.js — horticultural content shown in the app. Keep advice accurate for the target region; flag anything that would not apply there.",56,"Storage roots that keep for months in a cool, dark spot.",""
"guild-templates.47","From components/GuildTemplatesCard.js — horticultural content shown in the app. Keep advice accurate for the target region; flag anything that would not apply there.",6,"Carrot",""
"guild-templates.48","From components/GuildTemplatesCard.js — horticultural content shown in the app. Keep advice accurate for the target region; flag anything that would not apply there.",4,"Beet",""
"guild-templates.49","From components/GuildTemplatesCard.js — horticultural content shown in the app. Keep advice accurate for the target region; flag anything that would not apply there.",6,"Turnip",""
"guild-templates.50","From components/GuildTemplatesCard.js — horticultural content shown in the app. Keep advice accurate for the target region; flag anything that would not apply there.",7,"Parsnip",""
"guild-templates.51","From components/GuildTemplatesCard.js — horticultural content shown in the app. Keep advice accurate for the target region; flag anything that would not apply there.",8,"Rutabaga",""
"guild-templates.52","From components/GuildTemplatesCard.js — horticultural content shown in the app. Keep advice accurate for the target region; flag anything that would not apply there.",12,"Brassica Bed",""
"guild-templates.53","From components/GuildTemplatesCard.js — horticultural content shown in the app. Keep advice accurate for the target region; flag anything that would not apply there.",61,"Cool-season cabbage cousins — rotate them together each year.",""
"guild-templates.54","From components/GuildTemplatesCard.js — horticultural content shown in the app. Keep advice accurate for the target region; flag anything that would not apply there.",8,"Broccoli",""
"guild-templates.55","From components/GuildTemplatesCard.js — horticultural content shown in the app. Keep advice accurate for the target region; flag anything that would not apply there.",11,"Cauliflower",""
"guild-templates.56","From components/GuildTemplatesCard.js — horticultural content shown in the app. Keep advice accurate for the target region; flag anything that would not apply there.",7,"Cabbage",""
"guild-templates.57","From components/GuildTemplatesCard.js — horticultural content shown in the app. Keep advice accurate for the target region; flag anything that would not apply there.",4,"Kale",""
"guild-templates.58","From components/GuildTemplatesCard.js — horticultural content shown in the app. Keep advice accurate for the target region; flag anything that would not apply there.",16,"Brussels Sprouts",""
"guild-templates.59","From components/GuildTemplatesCard.js — horticultural content shown in the app. Keep advice accurate for the target region; flag anything that would not apply there.",11,"Berry Patch",""
"guild-templates.60","From components/GuildTemplatesCard.js — horticultural content shown in the app. Keep advice accurate for the target region; flag anything that would not apply there.",50,"A perennial corner of sweet, pick-and-eat berries.",""
"guild-templates.61","From components/GuildTemplatesCard.js — horticultural content shown in the app. Keep advice accurate for the target region; flag anything that would not apply there.",10,"Strawberry",""
"guild-templates.62","From components/GuildTemplatesCard.js — horticultural content shown in the app. Keep advice accurate for the target region; flag anything that would not apply there.",9,"Blueberry",""
"guild-templates.63","From components/GuildTemplatesCard.js — horticultural content shown in the app. Keep advice accurate for the target region; flag anything that would not apply there.",10,"Blackberry",""
"guild-templates.64","From components/GuildTemplatesCard.js — horticultural content shown in the app. Keep advice accurate for the target region; flag anything that would not apply there.",9,"Raspberry",""
"guild-templates.65","From components/GuildTemplatesCard.js — horticultural content shown in the app. Keep advice accurate for the target region; flag anything that would not apply there.",10,"Gooseberry",""
"guild-templates.66","From components/GuildTemplatesCard.js — horticultural content shown in the app. Keep advice accurate for the target region; flag anything that would not apply there.",19,"Mediterranean Herbs",""
"guild-templates.67","From components/GuildTemplatesCard.js — horticultural content shown in the app. Keep advice accurate for the target region; flag anything that would not apply there.",60,"Sun-loving, drought-tough herbs that share the same dry bed.",""
"guild-templates.68","From components/GuildTemplatesCard.js — horticultural content shown in the app. Keep advice accurate for the target region; flag anything that would not apply there.",4,"Sage",""
"guild-templates.69","From components/GuildTemplatesCard.js — horticultural content shown in the app. Keep advice accurate for the target region; flag anything that would not apply there.",8,"Marjoram",""
"guild-templates.70","From components/GuildTemplatesCard.js — horticultural content shown in the app. Keep advice accurate for the target region; flag anything that would not apply there.",10,"Taco Night",""
"guild-templates.71","From components/GuildTemplatesCard.js — horticultural content shown in the app. Keep advice accurate for the target region; flag anything that would not apply there.",42,"Fresh fixings for tacos and pico de gallo.",""
"guild-templates.72","From components/GuildTemplatesCard.js — horticultural content shown in the app. Keep advice accurate for the target region; flag anything that would not apply there.",11,"Bell Pepper",""
"guild-templates.73","From components/GuildTemplatesCard.js — horticultural content shown in the app. Keep advice accurate for the target region; flag anything that would not apply there.",9,"Tomatillo",""
"guild-templates.74","From components/GuildTemplatesCard.js — horticultural content shown in the app. Keep advice accurate for the target region; flag anything that would not apply there.",15,"Ratatouille Bed",""
"guild-templates.75","From components/GuildTemplatesCard.js — horticultural content shown in the app. Keep advice accurate for the target region; flag anything that would not apply there.",52,"The classic French summer-vegetable stew, homegrown.",""
"guild-templates.76","From components/GuildTemplatesCard.js — horticultural content shown in the app. Keep advice accurate for the target region; flag anything that would not apply there.",8,"Eggplant",""
"guild-templates.77","From components/GuildTemplatesCard.js — horticultural content shown in the app. Keep advice accurate for the target region; flag anything that would not apply there.",12,"Curry Garden",""
"guild-templates.78","From components/GuildTemplatesCard.js — horticultural content shown in the app. Keep advice accurate for the target region; flag anything that would not apply there.",45,"Warm spices and aromatics for homemade curry.",""
"guild-templates.79","From components/GuildTemplatesCard.js — horticultural content shown in the app. Keep advice accurate for the target region; flag anything that would not apply there.",8,"Turmeric",""
"guild-templates.80","From components/GuildTemplatesCard.js — horticultural content shown in the app. Keep advice accurate for the target region; flag anything that would not apply there.",8,"Habanero",""
"guild-templates.81","From components/GuildTemplatesCard.js — horticultural content shown in the app. Keep advice accurate for the target region; flag anything that would not apply there.",10,"Tea Garden",""
"guild-templates.82","From components/GuildTemplatesCard.js — horticultural content shown in the app. Keep advice accurate for the target region; flag anything that would not apply there.",51,"Leaves and flowers to dry for soothing herbal teas.",""
"guild-templates.83","From components/GuildTemplatesCard.js — horticultural content shown in the app. Keep advice accurate for the target region; flag anything that would not apply there.",10,"Lemongrass",""
"guild-templates.84","From components/GuildTemplatesCard.js — horticultural content shown in the app. Keep advice accurate for the target region; flag anything that would not apply there.",6,"Stevia",""
"guild-templates.85","From components/GuildTemplatesCard.js — horticultural content shown in the app. Keep advice accurate for the target region; flag anything that would not apply there.",18,"Cool-Season Greens",""
"guild-templates.86","From components/GuildTemplatesCard.js — horticultural content shown in the app. Keep advice accurate for the target region; flag anything that would not apply there.",50,"Leafy greens that thrive in spring and fall chill.",""
"guild-templates.87","From components/GuildTemplatesCard.js — horticultural content shown in the app. Keep advice accurate for the target region; flag anything that would not apply there.",11,"Swiss Chard",""
"guild-templates.88","From components/GuildTemplatesCard.js — horticultural content shown in the app. Keep advice accurate for the target region; flag anything that would not apply there.",14,"Mustard Greens",""
"guild-templates.89","From components/GuildTemplatesCard.js — horticultural content shown in the app. Keep advice accurate for the target region; flag anything that would not apply there.",12,"Pickle Patch",""
"guild-templates.90","From components/GuildTemplatesCard.js — horticultural content shown in the app. Keep advice accurate for the target region; flag anything that would not apply there.",47,"Cukes plus the dill and alliums to pickle them.",""
"guild-templates.91","From components/GuildTemplatesCard.js — horticultural content shown in the app. Keep advice accurate for the target region; flag anything that would not apply there.",4,"Dill",""
"guild-templates.92","From components/GuildTemplatesCard.js — horticultural content shown in the app. Keep advice accurate for the target region; flag anything that would not apply there.",12,"Soup Starter",""
"guild-templates.93","From components/GuildTemplatesCard.js — horticultural content shown in the app. Keep advice accurate for the target region; flag anything that would not apply there.",46,"The mirepoix base every good soup begins with.",""
"guild-templates.94","From components/GuildTemplatesCard.js — horticultural content shown in the app. Keep advice accurate for the target region; flag anything that would not apply there.",6,"Celery",""
"guild-templates.95","From components/GuildTemplatesCard.js — horticultural content shown in the app. Keep advice accurate for the target region; flag anything that would not apply there.",4,"Leek",""
"guild-templates.96","From components/GuildTemplatesCard.js — horticultural content shown in the app. Keep advice accurate for the target region; flag anything that would not apply there.",6,"Potato",""
"guild-templates.97","From components/GuildTemplatesCard.js — horticultural content shown in the app. Keep advice accurate for the target region; flag anything that would not apply there.",11,"Squash Trio",""
"guild-templates.98","From components/GuildTemplatesCard.js — horticultural content shown in the app. Keep advice accurate for the target region; flag anything that would not apply there.",46,"Storage winter squash for roasting all season.",""
"guild-templates.99","From components/GuildTemplatesCard.js — horticultural content shown in the app. Keep advice accurate for the target region; flag anything that would not apply there.",12,"Acorn Squash",""
"guild-templates.100","From components/GuildTemplatesCard.js — horticultural content shown in the app. Keep advice accurate for the target region; flag anything that would not apply there.",16,"Spaghetti Squash",""
"guild-templates.101","From components/GuildTemplatesCard.js — horticultural content shown in the app. Keep advice accurate for the target region; flag anything that would not apply there.",7,"Pumpkin",""
"guild-templates.102","From components/GuildTemplatesCard.js — horticultural content shown in the app. Keep advice accurate for the target region; flag anything that would not apply there.",11,"Bean Bounty",""
"guild-templates.103","From components/GuildTemplatesCard.js — horticultural content shown in the app. Keep advice accurate for the target region; flag anything that would not apply there.",58,"Nitrogen-fixing legumes that enrich the soil as they grow.",""
"guild-templates.104","From components/GuildTemplatesCard.js — horticultural content shown in the app. Keep advice accurate for the target region; flag anything that would not apply there.",7,"Edamame",""
"guild-templates.105","From components/GuildTemplatesCard.js — horticultural content shown in the app. Keep advice accurate for the target region; flag anything that would not apply there.",9,"Lima Bean",""
"guild-templates.106","From components/GuildTemplatesCard.js — horticultural content shown in the app. Keep advice accurate for the target region; flag anything that would not apply there.",9,"Fava Bean",""
"guild-templates.107","From components/GuildTemplatesCard.js — horticultural content shown in the app. Keep advice accurate for the target region; flag anything that would not apply there.",10,"Black Bean",""
"guild-templates.108","From components/GuildTemplatesCard.js — horticultural content shown in the app. Keep advice accurate for the target region; flag anything that would not apply there.",10,"Pepper Row",""
"guild-templates.109","From components/GuildTemplatesCard.js — horticultural content shown in the app. Keep advice accurate for the target region; flag anything that would not apply there.",48,"Mild to fiery — a full heat spectrum in one bed.",""
"guild-templates.110","From components/GuildTemplatesCard.js — horticultural content shown in the app. Keep advice accurate for the target region; flag anything that would not apply there.",7,"Serrano",""
"guild-templates.111","From components/GuildTemplatesCard.js — horticultural content shown in the app. Keep advice accurate for the target region; flag anything that would not apply there.",7,"Poblano",""
"guild-templates.112","From components/GuildTemplatesCard.js — horticultural content shown in the app. Keep advice accurate for the target region; flag anything that would not apply there.",7,"Cayenne",""
"guild-templates.113","From components/GuildTemplatesCard.js — horticultural content shown in the app. Keep advice accurate for the target region; flag anything that would not apply there.",8,"Slaw Bed",""
"guild-templates.114","From components/GuildTemplatesCard.js — horticultural content shown in the app. Keep advice accurate for the target region; flag anything that would not apply there.",53,"Crunchy roots and cabbages for coleslaw and crudités.",""
"guild-templates.115","From components/GuildTemplatesCard.js — horticultural content shown in the app. Keep advice accurate for the target region; flag anything that would not apply there.",8,"Kohlrabi",""
"guild-templates.116","From components/GuildTemplatesCard.js — horticultural content shown in the app. Keep advice accurate for the target region; flag anything that would not apply there.",15,"Smoothie Greens",""
"guild-templates.117","From components/GuildTemplatesCard.js — horticultural content shown in the app. Keep advice accurate for the target region; flag anything that would not apply there.",52,"Nutrient-dense greens and berries to blend up fresh.",""
"guild-templates.118","From components/GuildTemplatesCard.js — horticultural content shown in the app. Keep advice accurate for the target region; flag anything that would not apply there.",18,"Companion Classics",""
"guild-templates.119","From components/GuildTemplatesCard.js — horticultural content shown in the app. Keep advice accurate for the target region; flag anything that would not apply there.",60,"Time-tested neighbors — basil and marigold protect tomatoes.",""
"guild-templates.120","From components/GuildTemplatesCard.js — horticultural content shown in the app. Keep advice accurate for the target region; flag anything that would not apply there.",18,"Carrot & Onion Duo",""
"guild-templates.121","From components/GuildTemplatesCard.js — horticultural content shown in the app. Keep advice accurate for the target region; flag anything that would not apply there.",63,"Onions mask the scent that draws carrot flies — and vice versa.",""
"guild-templates.122","From components/GuildTemplatesCard.js — horticultural content shown in the app. Keep advice accurate for the target region; flag anything that would not apply there.",6,"Chives",""
"guild-templates.123","From components/GuildTemplatesCard.js — horticultural content shown in the app. Keep advice accurate for the target region; flag anything that would not apply there.",14,"Winter Harvest",""
"guild-templates.124","From components/GuildTemplatesCard.js — horticultural content shown in the app. Keep advice accurate for the target region; flag anything that would not apply there.",59,"Frost-sweetened crops that hold in the ground through cold.",""
"guild-templates.125","From components/GuildTemplatesCard.js — horticultural content shown in the app. Keep advice accurate for the target region; flag anything that would not apply there.",14,"Collard Greens",""
"guild-templates.126","From components/GuildTemplatesCard.js — horticultural content shown in the app. Keep advice accurate for the target region; flag anything that would not apply there.",13,"Aromatics Bed",""
"guild-templates.127","From components/GuildTemplatesCard.js — horticultural content shown in the app. Keep advice accurate for the target region; flag anything that would not apply there.",51,"The alliums that flavor nearly every dish you cook.",""
"guild-templates.128","From components/GuildTemplatesCard.js — horticultural content shown in the app. Keep advice accurate for the target region; flag anything that would not apply there.",7,"Shallot",""
"guild-templates.129","From components/GuildTemplatesCard.js — horticultural content shown in the app. Keep advice accurate for the target region; flag anything that would not apply there.",12,"Asian Greens",""
"guild-templates.130","From components/GuildTemplatesCard.js — horticultural content shown in the app. Keep advice accurate for the target region; flag anything that would not apply there.",45,"Fast, tender greens for stir-fries and soups.",""
"guild-templates.131","From components/GuildTemplatesCard.js — horticultural content shown in the app. Keep advice accurate for the target region; flag anything that would not apply there.",10,"Watercress",""
"guild-templates.132","From components/GuildTemplatesCard.js — horticultural content shown in the app. Keep advice accurate for the target region; flag anything that would not apply there.",6,"Daikon",""
"guild-templates.133","From components/GuildTemplatesCard.js — horticultural content shown in the app. Keep advice accurate for the target region; flag anything that would not apply there.",11,"Melon Patch",""
"guild-templates.134","From components/GuildTemplatesCard.js — horticultural content shown in the app. Keep advice accurate for the target region; flag anything that would not apply there.",55,"Sprawling, sun-hungry melons for peak-summer sweetness.",""
"guild-templates.135","From components/GuildTemplatesCard.js — horticultural content shown in the app. Keep advice accurate for the target region; flag anything that would not apply there.",10,"Watermelon",""
"guild-templates.136","From components/GuildTemplatesCard.js — horticultural content shown in the app. Keep advice accurate for the target region; flag anything that would not apply there.",10,"Cantaloupe",""
"guild-templates.137","From components/GuildTemplatesCard.js — horticultural content shown in the app. Keep advice accurate for the target region; flag anything that would not apply there.",8,"Honeydew",""
"guild-templates.138","From components/GuildTemplatesCard.js — horticultural content shown in the app. Keep advice accurate for the target region; flag anything that would not apply there.",14,"Nightshade Bed",""
"guild-templates.139","From components/GuildTemplatesCard.js — horticultural content shown in the app. Keep advice accurate for the target region; flag anything that would not apply there.",60,"Keep the whole nightshade family together for easy rotation.",""
"guild-templates.140","From components/GuildTemplatesCard.js — horticultural content shown in the app. Keep advice accurate for the target region; flag anything that would not apply there.",21,"Strawberry Companions",""
"guild-templates.141","From components/GuildTemplatesCard.js — horticultural content shown in the app. Keep advice accurate for the target region; flag anything that would not apply there.",51,"Friends that boost berry yield and keep pests away.",""
"harvest-recipes.1","From components/HarvestRecipesCard.js — horticultural content shown in the app. Keep advice accurate for the target region; flag anything that would not apply there.",19,"Fresh caprese salad",""
"harvest-recipes.2","From components/HarvestRecipesCard.js — horticultural content shown in the app. Keep advice accurate for the target region; flag anything that would not apply there.",25,"Slow-roasted tomato sauce",""
"harvest-recipes.3","From components/HarvestRecipesCard.js — horticultural content shown in the app. Keep advice accurate for the target region; flag anything that would not apply there.",10,"Bruschetta",""
"harvest-recipes.4","From components/HarvestRecipesCard.js — horticultural content shown in the app. Keep advice accurate for the target region; flag anything that would not apply there.",15,"Stuffed peppers",""
"harvest-recipes.5","From components/HarvestRecipesCard.js — horticultural content shown in the app. Keep advice accurate for the target region; flag anything that would not apply there.",13,"Fajita strips",""
"harvest-recipes.6","From components/HarvestRecipesCard.js — horticultural content shown in the app. Keep advice accurate for the target region; flag anything that would not apply there.",22,"Roasted red pepper dip",""
"harvest-recipes.7","From components/HarvestRecipesCard.js — horticultural content shown in the app. Keep advice accurate for the target region; flag anything that would not apply there.",26,"Quick refrigerator pickles",""
"harvest-recipes.8","From components/HarvestRecipesCard.js — horticultural content shown in the app. Keep advice accurate for the target region; flag anything that would not apply there.",17,"Cucumber tzatziki",""
"harvest-recipes.9","From components/HarvestRecipesCard.js — horticultural content shown in the app. Keep advice accurate for the target region; flag anything that would not apply there.",22,"Smashed cucumber salad",""
"harvest-recipes.10","From components/HarvestRecipesCard.js — horticultural content shown in the app. Keep advice accurate for the target region; flag anything that would not apply there.",12,"Garden salad",""
"harvest-recipes.11","From components/HarvestRecipesCard.js — horticultural content shown in the app. Keep advice accurate for the target region; flag anything that would not apply there.",26,"Sautéed greens with garlic",""
"harvest-recipes.12","From components/HarvestRecipesCard.js — horticultural content shown in the app. Keep advice accurate for the target region; flag anything that would not apply there.",14,"Green smoothie",""
"harvest-recipes.13","From components/HarvestRecipesCard.js — horticultural content shown in the app. Keep advice accurate for the target region; flag anything that would not apply there.",14,"Zucchini bread",""
"harvest-recipes.14","From components/HarvestRecipesCard.js — horticultural content shown in the app. Keep advice accurate for the target region; flag anything that would not apply there.",14,"Grilled squash",""
"harvest-recipes.15","From components/HarvestRecipesCard.js — horticultural content shown in the app. Keep advice accurate for the target region; flag anything that would not apply there.",18,"Zoodles with pesto",""
"harvest-recipes.16","From components/HarvestRecipesCard.js — horticultural content shown in the app. Keep advice accurate for the target region; flag anything that would not apply there.",18,"Garlic green beans",""
"harvest-recipes.17","From components/HarvestRecipesCard.js — horticultural content shown in the app. Keep advice accurate for the target region; flag anything that would not apply there.",16,"Three-bean salad",""
"harvest-recipes.18","From components/HarvestRecipesCard.js — horticultural content shown in the app. Keep advice accurate for the target region; flag anything that would not apply there.",15,"Blistered beans",""
"harvest-recipes.19","From components/HarvestRecipesCard.js — horticultural content shown in the app. Keep advice accurate for the target region; flag anything that would not apply there.",21,"Honey-roasted carrots",""
"harvest-recipes.20","From components/HarvestRecipesCard.js — horticultural content shown in the app. Keep advice accurate for the target region; flag anything that would not apply there.",18,"Carrot ginger soup",""
"harvest-recipes.21","From components/HarvestRecipesCard.js — horticultural content shown in the app. Keep advice accurate for the target region; flag anything that would not apply there.",11,"Carrot slaw",""
"harvest-recipes.22","From components/HarvestRecipesCard.js — horticultural content shown in the app. Keep advice accurate for the target region; flag anything that would not apply there.",21,"Crispy roast potatoes",""
"harvest-recipes.23","From components/HarvestRecipesCard.js — horticultural content shown in the app. Keep advice accurate for the target region; flag anything that would not apply there.",12,"Potato salad",""
"harvest-recipes.24","From components/HarvestRecipesCard.js — horticultural content shown in the app. Keep advice accurate for the target region; flag anything that would not apply there.",15,"Mashed potatoes",""
"harvest-recipes.25","From components/HarvestRecipesCard.js — horticultural content shown in the app. Keep advice accurate for the target region; flag anything that would not apply there.",13,"Berry crumble",""
"harvest-recipes.26","From components/HarvestRecipesCard.js — horticultural content shown in the app. Keep advice accurate for the target region; flag anything that would not apply there.",9,"Fresh jam",""
"harvest-recipes.27","From components/HarvestRecipesCard.js — horticultural content shown in the app. Keep advice accurate for the target region; flag anything that would not apply there.",13,"Smoothie bowl",""
"harvest-recipes.28","From components/HarvestRecipesCard.js — horticultural content shown in the app. Keep advice accurate for the target region; flag anything that would not apply there.",13,"Classic pesto",""
"harvest-recipes.29","From components/HarvestRecipesCard.js — horticultural content shown in the app. Keep advice accurate for the target region; flag anything that would not apply there.",15,"Caprese skewers",""
"harvest-recipes.30","From components/HarvestRecipesCard.js — horticultural content shown in the app. Keep advice accurate for the target region; flag anything that would not apply there.",17,"Infused olive oil",""
"harvest-recipes.31","From components/HarvestRecipesCard.js — horticultural content shown in the app. Keep advice accurate for the target region; flag anything that would not apply there.",8,"Mint tea",""
"harvest-recipes.32","From components/HarvestRecipesCard.js — horticultural content shown in the app. Keep advice accurate for the target region; flag anything that would not apply there.",19,"Cucumber-mint water",""
"harvest-recipes.33","From components/HarvestRecipesCard.js — horticultural content shown in the app. Keep advice accurate for the target region; flag anything that would not apply there.",9,"Tabbouleh",""
"harvest-recipes.34","From components/HarvestRecipesCard.js — horticultural content shown in the app. Keep advice accurate for the target region; flag anything that would not apply there.",18,"Caramelized onions",""
"harvest-recipes.35","From components/HarvestRecipesCard.js — horticultural content shown in the app. Keep advice accurate for the target region; flag anything that would not apply there.",21,"Roasted garlic spread",""
"harvest-recipes.36","From components/HarvestRecipesCard.js — horticultural content shown in the app. Keep advice accurate for the target region; flag anything that would not apply there.",17,"French onion soup",""
"harvest-recipes.37","From components/HarvestRecipesCard.js — horticultural content shown in the app. Keep advice accurate for the target region; flag anything that would not apply there.",15,"Roasted florets",""
"harvest-recipes.38","From components/HarvestRecipesCard.js — horticultural content shown in the app. Keep advice accurate for the target region; flag anything that would not apply there.",4,"Slaw",""
"harvest-recipes.39","From components/HarvestRecipesCard.js — horticultural content shown in the app. Keep advice accurate for the target region; flag anything that would not apply there.",8,"Stir-fry",""
"harvest-recipes.40","From components/HarvestRecipesCard.js — horticultural content shown in the app. Keep advice accurate for the target region; flag anything that would not apply there.",19,"Grilled street corn",""
"harvest-recipes.41","From components/HarvestRecipesCard.js — horticultural content shown in the app. Keep advice accurate for the target region; flag anything that would not apply there.",10,"Corn salsa",""
"harvest-recipes.42","From components/HarvestRecipesCard.js — horticultural content shown in the app. Keep advice accurate for the target region; flag anything that would not apply there.",12,"Corn chowder",""
"harvest-recipes.43","From components/HarvestRecipesCard.js — horticultural content shown in the app. Keep advice accurate for the target region; flag anything that would not apply there.",22,"Fresh herb chimichurri",""
"harvest-recipes.44","From components/HarvestRecipesCard.js — horticultural content shown in the app. Keep advice accurate for the target region; flag anything that would not apply there.",15,"Compound butter",""
"harvest-recipes.45","From components/HarvestRecipesCard.js — horticultural content shown in the app. Keep advice accurate for the target region; flag anything that would not apply there.",16,"Garnish anything",""
"harvest-storage-guide.1","From components/HarvestStorageGuideCard.js — horticultural content shown in the app. Keep advice accurate for the target region; flag anything that would not apply there.",56,"Counter, out of sun (never the fridge — it kills flavor)",""
"harvest-storage-guide.2","From components/HarvestStorageGuideCard.js — horticultural content shown in the app. Keep advice accurate for the target region; flag anything that would not apply there.",8,"5–7 days",""
"harvest-storage-guide.3","From components/HarvestStorageGuideCard.js — horticultural content shown in the app. Keep advice accurate for the target region; flag anything that would not apply there.",46,"Freeze whole or make sauce to keep for months.",""
"harvest-storage-guide.4","From components/HarvestStorageGuideCard.js — horticultural content shown in the app. Keep advice accurate for the target region; flag anything that would not apply there.",24,"Crisper drawer, unwashed",""
"harvest-storage-guide.5","From components/HarvestStorageGuideCard.js — horticultural content shown in the app. Keep advice accurate for the target region; flag anything that would not apply there.",9,"1–2 weeks",""
"harvest-storage-guide.6","From components/HarvestStorageGuideCard.js — horticultural content shown in the app. Keep advice accurate for the target region; flag anything that would not apply there.",37,"Slice and freeze on a tray, then bag.",""
"harvest-storage-guide.7","From components/HarvestStorageGuideCard.js — horticultural content shown in the app. Keep advice accurate for the target region; flag anything that would not apply there.",34,"Fridge in a bag with a paper towel",""
"harvest-storage-guide.8","From components/HarvestStorageGuideCard.js — horticultural content shown in the app. Keep advice accurate for the target region; flag anything that would not apply there.",9,"5–10 days",""
"harvest-storage-guide.9","From components/HarvestStorageGuideCard.js — horticultural content shown in the app. Keep advice accurate for the target region; flag anything that would not apply there.",43,"Revive limp greens in ice water for 15 min.",""
"harvest-storage-guide.10","From components/HarvestStorageGuideCard.js — horticultural content shown in the app. Keep advice accurate for the target region; flag anything that would not apply there.",40,"Blanch and freeze for long-term storage.",""
"harvest-storage-guide.11","From components/HarvestStorageGuideCard.js — horticultural content shown in the app. Keep advice accurate for the target region; flag anything that would not apply there.",43,"Fridge in water or a damp bag; cut off tops",""
"harvest-storage-guide.12","From components/HarvestStorageGuideCard.js — horticultural content shown in the app. Keep advice accurate for the target region; flag anything that would not apply there.",9,"3–4 weeks",""
"harvest-storage-guide.13","From components/HarvestStorageGuideCard.js — horticultural content shown in the app. Keep advice accurate for the target region; flag anything that would not apply there.",53,"Store roots in damp sand in a cool cellar for months.",""
"harvest-storage-guide.14","From components/HarvestStorageGuideCard.js — horticultural content shown in the app. Keep advice accurate for the target region; flag anything that would not apply there.",37,"Cool, dark, dry spot — not the fridge",""
"harvest-storage-guide.15","From components/HarvestStorageGuideCard.js — horticultural content shown in the app. Keep advice accurate for the target region; flag anything that would not apply there.",10,"1–3 months",""
"harvest-storage-guide.16","From components/HarvestStorageGuideCard.js — horticultural content shown in the app. Keep advice accurate for the target region; flag anything that would not apply there.",54,"Keep potatoes and onions apart; they spoil each other.",""
"harvest-storage-guide.17","From components/HarvestStorageGuideCard.js — horticultural content shown in the app. Keep advice accurate for the target region; flag anything that would not apply there.",14,"Crisper drawer",""
"harvest-storage-guide.18","From components/HarvestStorageGuideCard.js — horticultural content shown in the app. Keep advice accurate for the target region; flag anything that would not apply there.",6,"1 week",""
"harvest-storage-guide.19","From components/HarvestStorageGuideCard.js — horticultural content shown in the app. Keep advice accurate for the target region; flag anything that would not apply there.",56,"Winter squash cures and keeps for months in a cool room.",""
"harvest-storage-guide.20","From components/HarvestStorageGuideCard.js — horticultural content shown in the app. Keep advice accurate for the target region; flag anything that would not apply there.",15,"Fridge in a bag",""
"harvest-storage-guide.21","From components/HarvestStorageGuideCard.js — horticultural content shown in the app. Keep advice accurate for the target region; flag anything that would not apply there.",8,"3–5 days",""
"harvest-storage-guide.22","From components/HarvestStorageGuideCard.js — horticultural content shown in the app. Keep advice accurate for the target region; flag anything that would not apply there.",65,"Blanch and freeze, or leave on the vine to dry for storage beans.",""
"harvest-storage-guide.23","From components/HarvestStorageGuideCard.js — horticultural content shown in the app. Keep advice accurate for the target region; flag anything that would not apply there.",35,"Fridge, unwashed, in a single layer",""
"harvest-storage-guide.24","From components/HarvestStorageGuideCard.js — horticultural content shown in the app. Keep advice accurate for the target region; flag anything that would not apply there.",48,"Freeze on a tray for smoothies; makes great jam.",""
"harvest-storage-guide.25","From components/HarvestStorageGuideCard.js — horticultural content shown in the app. Keep advice accurate for the target region; flag anything that would not apply there.",18,"Fridge in the husk",""
"harvest-storage-guide.26","From components/HarvestStorageGuideCard.js — horticultural content shown in the app. Keep advice accurate for the target region; flag anything that would not apply there.",8,"1–3 days",""
"harvest-storage-guide.27","From components/HarvestStorageGuideCard.js — horticultural content shown in the app. Keep advice accurate for the target region; flag anything that would not apply there.",55,"Sweetness fades fast — cook or freeze the day you pick.",""
"harvest-storage-guide.28","From components/HarvestStorageGuideCard.js — horticultural content shown in the app. Keep advice accurate for the target region; flag anything that would not apply there.",38,"Stems in a jar of water on the counter",""
"harvest-storage-guide.29","From components/HarvestStorageGuideCard.js — horticultural content shown in the app. Keep advice accurate for the target region; flag anything that would not apply there.",38,"Freeze in olive oil in ice-cube trays.",""
"garden-toolkit.1","From components/GardenToolkitCard.js — horticultural content shown in the app. Keep advice accurate for the target region; flag anything that would not apply there.",18,"Digging & Planting",""
"garden-toolkit.2","From components/GardenToolkitCard.js — horticultural content shown in the app. Keep advice accurate for the target region; flag anything that would not apply there.",13,"Garden Gloves",""
"garden-toolkit.3","From components/GardenToolkitCard.js — horticultural content shown in the app. Keep advice accurate for the target region; flag anything that would not apply there.",15,"Hand protection",""
"garden-toolkit.4","From components/GardenToolkitCard.js — horticultural content shown in the app. Keep advice accurate for the target region; flag anything that would not apply there.",13,"garden gloves",""
"garden-toolkit.5","From components/GardenToolkitCard.js — horticultural content shown in the app. Keep advice accurate for the target region; flag anything that would not apply there.",11,"Hand Trowel",""
"garden-toolkit.6","From components/GardenToolkitCard.js — horticultural content shown in the app. Keep advice accurate for the target region; flag anything that would not apply there.",16,"Dig & transplant",""
"garden-toolkit.7","From components/GardenToolkitCard.js — horticultural content shown in the app. Keep advice accurate for the target region; flag anything that would not apply there.",18,"garden hand trowel",""
"garden-toolkit.8","From components/GardenToolkitCard.js — horticultural content shown in the app. Keep advice accurate for the target region; flag anything that would not apply there.",14,"Shovel / Spade",""
"garden-toolkit.9","From components/GardenToolkitCard.js — horticultural content shown in the app. Keep advice accurate for the target region; flag anything that would not apply there.",16,"Turn & move soil",""
"garden-toolkit.10","From components/GardenToolkitCard.js — horticultural content shown in the app. Keep advice accurate for the target region; flag anything that would not apply there.",19,"garden shovel spade",""
"garden-toolkit.11","From components/GardenToolkitCard.js — horticultural content shown in the app. Keep advice accurate for the target region; flag anything that would not apply there.",15,"Hand Cultivator",""
"garden-toolkit.12","From components/GardenToolkitCard.js — horticultural content shown in the app. Keep advice accurate for the target region; flag anything that would not apply there.",23,"Loosen soil, pull weeds",""
"garden-toolkit.13","From components/GardenToolkitCard.js — horticultural content shown in the app. Keep advice accurate for the target region; flag anything that would not apply there.",27,"hand cultivator garden tool",""
"garden-toolkit.14","From components/GardenToolkitCard.js — horticultural content shown in the app. Keep advice accurate for the target region; flag anything that would not apply there.",8,"Watering",""
"garden-toolkit.15","From components/GardenToolkitCard.js — horticultural content shown in the app. Keep advice accurate for the target region; flag anything that would not apply there.",11,"Garden Hose",""
"garden-toolkit.16","From components/GardenToolkitCard.js — horticultural content shown in the app. Keep advice accurate for the target region; flag anything that would not apply there.",15,"Reach every bed",""
"garden-toolkit.17","From components/GardenToolkitCard.js — horticultural content shown in the app. Keep advice accurate for the target region; flag anything that would not apply there.",22,"expandable garden hose",""
"garden-toolkit.18","From components/GardenToolkitCard.js — horticultural content shown in the app. Keep advice accurate for the target region; flag anything that would not apply there.",12,"Spray Nozzle",""
"garden-toolkit.19","From components/GardenToolkitCard.js — horticultural content shown in the app. Keep advice accurate for the target region; flag anything that would not apply there.",21,"Gentle shower setting",""
"garden-toolkit.20","From components/GardenToolkitCard.js — horticultural content shown in the app. Keep advice accurate for the target region; flag anything that would not apply there.",29,"garden hose spray nozzle wand",""
"garden-toolkit.21","From components/GardenToolkitCard.js — horticultural content shown in the app. Keep advice accurate for the target region; flag anything that would not apply there.",12,"Watering Can",""
"garden-toolkit.22","From components/GardenToolkitCard.js — horticultural content shown in the app. Keep advice accurate for the target region; flag anything that would not apply there.",17,"For pots & starts",""
"garden-toolkit.23","From components/GardenToolkitCard.js — horticultural content shown in the app. Keep advice accurate for the target region; flag anything that would not apply there.",12,"watering can",""
"garden-toolkit.24","From components/GardenToolkitCard.js — horticultural content shown in the app. Keep advice accurate for the target region; flag anything that would not apply there.",14,"Care & Harvest",""
"garden-toolkit.25","From components/GardenToolkitCard.js — horticultural content shown in the app. Keep advice accurate for the target region; flag anything that would not apply there.",14,"Pruning Shears",""
"garden-toolkit.26","From components/GardenToolkitCard.js — horticultural content shown in the app. Keep advice accurate for the target region; flag anything that would not apply there.",15,"Prune & harvest",""
"garden-toolkit.27","From components/GardenToolkitCard.js — horticultural content shown in the app. Keep advice accurate for the target region; flag anything that would not apply there.",21,"pruning shears bypass",""
"garden-toolkit.28","From components/GardenToolkitCard.js — horticultural content shown in the app. Keep advice accurate for the target region; flag anything that would not apply there.",11,"Garden Rake",""
"garden-toolkit.29","From components/GardenToolkitCard.js — horticultural content shown in the app. Keep advice accurate for the target region; flag anything that would not apply there.",20,"Level & clear debris",""
"garden-toolkit.30","From components/GardenToolkitCard.js — horticultural content shown in the app. Keep advice accurate for the target region; flag anything that would not apply there.",15,"garden bow rake",""
"garden-toolkit.31","From components/GardenToolkitCard.js — horticultural content shown in the app. Keep advice accurate for the target region; flag anything that would not apply there.",14,"Harvest Basket",""
"garden-toolkit.32","From components/GardenToolkitCard.js — horticultural content shown in the app. Keep advice accurate for the target region; flag anything that would not apply there.",18,"Carry your produce",""
"garden-toolkit.33","From components/GardenToolkitCard.js — horticultural content shown in the app. Keep advice accurate for the target region; flag anything that would not apply there.",26,"garden harvest basket trug",""
"garden-toolkit.34","From components/GardenToolkitCard.js — horticultural content shown in the app. Keep advice accurate for the target region; flag anything that would not apply there.",12,"Plant Labels",""
"garden-toolkit.35","From components/GardenToolkitCard.js — horticultural content shown in the app. Keep advice accurate for the target region; flag anything that would not apply there.",20,"Track what's planted",""
"garden-toolkit.36","From components/GardenToolkitCard.js — horticultural content shown in the app. Keep advice accurate for the target region; flag anything that would not apply there.",27,"plant labels markers garden",""
"garden-toolkit.37","From components/GardenToolkitCard.js — horticultural content shown in the app. Keep advice accurate for the target region; flag anything that would not apply there.",20,"Comfort & Protection",""
"garden-toolkit.38","From components/GardenToolkitCard.js — horticultural content shown in the app. Keep advice accurate for the target region; flag anything that would not apply there.",12,"Kneeling Pad",""
"garden-toolkit.39","From components/GardenToolkitCard.js — horticultural content shown in the app. Keep advice accurate for the target region; flag anything that would not apply there.",15,"Save your knees",""
"garden-toolkit.40","From components/GardenToolkitCard.js — horticultural content shown in the app. Keep advice accurate for the target region; flag anything that would not apply there.",19,"garden kneeling pad",""
"garden-toolkit.41","From components/GardenToolkitCard.js — horticultural content shown in the app. Keep advice accurate for the target region; flag anything that would not apply there.",14,"Moisture Meter",""
"garden-toolkit.42","From components/GardenToolkitCard.js — horticultural content shown in the app. Keep advice accurate for the target region; flag anything that would not apply there.",18,"Know when to water",""
"garden-toolkit.43","From components/GardenToolkitCard.js — horticultural content shown in the app. Keep advice accurate for the target region; flag anything that would not apply there.",19,"soil moisture meter",""
"garden-toolkit.44","From components/GardenToolkitCard.js — horticultural content shown in the app. Keep advice accurate for the target region; flag anything that would not apply there.",9,"Row Cover",""
"garden-toolkit.45","From components/GardenToolkitCard.js — horticultural content shown in the app. Keep advice accurate for the target region; flag anything that would not apply there.",19,"Pest & frost shield",""
"garden-toolkit.46","From components/GardenToolkitCard.js — horticultural content shown in the app. Keep advice accurate for the target region; flag anything that would not apply there.",24,"garden row cover netting",""
"ui.settings.everythingYouNeedToPlan","Interface copy (settings screen). Keep it short and idiomatic — this appears on a button, label or heading with limited room, so match the English length where you can.",82,"Everything you need to plan, track, and grow a thriving garden — all in one place.",""
"ui.settings.subscribeToPocketPlanterPremium","Interface copy (settings screen). Keep it short and idiomatic — this appears on a button, label or heading with limited room, so match the English length where you can.",35,"Subscribe to Pocket Planter Premium",""
"ui.settings.opening","Interface copy (settings screen). Keep it short and idiomatic — this appears on a button, label or heading with limited room, so match the English length where you can.",8,"Opening…",""
"ui.settings.unlockPremium","Interface copy (settings screen). Keep it short and idiomatic — this appears on a button, label or heading with limited room, so match the English length where you can.",17,"Unlock Premium 🌱",""
"ui.settings.cancelAnytimeRestoresOnNew","Interface copy (settings screen). Keep it short and idiomatic — this appears on a button, label or heading with limited room, so match the English length where you can.",39,"Cancel anytime • Restores on new device",""
"ui.settings.privacyPolicy","Interface copy (settings screen). Keep it short and idiomatic — this appears on a button, label or heading with limited room, so match the English length where you can.",14,"Privacy Policy",""
"ui.settings.termsOfUse","Interface copy (settings screen). Keep it short and idiomatic — this appears on a button, label or heading with limited room, so match the English length where you can.",12,"Terms of Use",""
"ui.settings.restorePreviousPurchases","Interface copy (settings screen). Keep it short and idiomatic — this appears on a button, label or heading with limited room, so match the English length where you can.",26,"Restore previous purchases",""
"ui.settings.restoring","Interface copy (settings screen). Keep it short and idiomatic — this appears on a button, label or heading with limited room, so match the English length where you can.",10,"Restoring…",""
"ui.settings.restorePurchases","Interface copy (settings screen). Keep it short and idiomatic — this appears on a button, label or heading with limited room, so match the English length where you can.",20,"↩️ Restore Purchases",""
"ui.settings.manageOrCancelYourSubscription","Interface copy (settings screen). Keep it short and idiomatic — this appears on a button, label or heading with limited room, so match the English length where you can.",34,"Manage or cancel your subscription",""
"ui.settings.manageOrCancelSubscription","Interface copy (settings screen). Keep it short and idiomatic — this appears on a button, label or heading with limited room, so match the English length where you can.",32,"⚙️ Manage or Cancel Subscription",""
"ui.settings.cancelAnytime","Interface copy (settings screen). Keep it short and idiomatic — this appears on a button, label or heading with limited room, so match the English length where you can.",14,"Cancel anytime",""
"ui.settings.cloudSync","Interface copy (settings screen). Keep it short and idiomatic — this appears on a button, label or heading with limited room, so match the English length where you can.",10,"Cloud sync",""
"ui.settings.developerTools","Interface copy (settings screen). Keep it short and idiomatic — this appears on a button, label or heading with limited room, so match the English length where you can.",18,"🛠 DEVELOPER TOOLS",""
"ui.settings.removeBeforeAppStoreSubmission","Interface copy (settings screen). Keep it short and idiomatic — this appears on a button, label or heading with limited room, so match the English length where you can.",34,"Remove before App Store submission",""
"ui.settings.dumpScheduledReminders","Interface copy (settings screen). Keep it short and idiomatic — this appears on a button, label or heading with limited room, so match the English length where you can.",24,"Dump Scheduled Reminders",""
"ui.settings.logsEveryScheduledNotificationTrigger","Interface copy (settings screen). Keep it short and idiomatic — this appears on a button, label or heading with limited room, so match the English length where you can.",54,"Logs every scheduled notification + trigger to console",""
"ui.settings.fireTestNotification5s","Interface copy (settings screen). Keep it short and idiomatic — this appears on a button, label or heading with limited room, so match the English length where you can.",27,"Fire Test Notification (5s)",""
"ui.settings.verifiesTheFullPipelineBackground","Interface copy (settings screen). Keep it short and idiomatic — this appears on a button, label or heading with limited room, so match the English length where you can.",64,"Verifies the full pipeline — background the app to see it appear",""
"ui.settings.clearAllScheduled","Interface copy (settings screen). Keep it short and idiomatic — this appears on a button, label or heading with limited room, so match the English length where you can.",19,"Clear All Scheduled",""
"ui.settings.onetimeFlushToRemoveOrphaned","Interface copy (settings screen). Keep it short and idiomatic — this appears on a button, label or heading with limited room, so match the English length where you can.",50,"One-time flush to remove orphaned legacy reminders",""
"ui.settings.premiumOnTapToDisable","Interface copy (settings screen). Keep it short and idiomatic — this appears on a button, label or heading with limited room, so match the English length where you can.",27,"Premium ON — Tap to disable",""
"ui.settings.unlockFullAppDev","Interface copy (settings screen). Keep it short and idiomatic — this appears on a button, label or heading with limited room, so match the English length where you can.",21,"Unlock Full App (Dev)",""
"ui.settings.togglesAllPremiumLocksOn","Interface copy (settings screen). Keep it short and idiomatic — this appears on a button, label or heading with limited room, so match the English length where you can.",36,"Toggles all premium locks on and off",""
"ui.settings.settings","Interface copy (settings screen). Keep it short and idiomatic — this appears on a button, label or heading with limited room, so match the English length where you can.",11,"⚙️ Settings",""
"ui.settings.yourAccountRemindersAndData","Interface copy (settings screen). Keep it short and idiomatic — this appears on a button, label or heading with limited room, so match the English length where you can.",34,"Your account, reminders, and data.",""
"ui.settings.rainMayWaterToday","Interface copy (settings screen). Keep it short and idiomatic — this appears on a button, label or heading with limited room, so match the English length where you can.",24,"🌧️ Rain May Water Today",""
"ui.settings.dailyWateringCheck","Interface copy (settings screen). Keep it short and idiomatic — this appears on a button, label or heading with limited room, so match the English length where you can.",23,"💧 Daily Watering Check",""
"ui.settings.rainIsLikelyTodayCheck","Interface copy (settings screen). Keep it short and idiomatic — this appears on a button, label or heading with limited room, so match the English length where you can.",65,"Rain is likely today. Check the soil before watering your garden.",""
"ui.settings.timeToCheckYourGarden","Interface copy (settings screen). Keep it short and idiomatic — this appears on a button, label or heading with limited room, so match the English length where you can.",72,"Time to check your garden and water any plants that need moisture today.",""
"ui.settings.myGardenReminders","Interface copy (settings screen). Keep it short and idiomatic — this appears on a button, label or heading with limited room, so match the English length where you can.",22,"🔔 MY GARDEN REMINDERS",""
"ui.settings.exportAsCsv","Interface copy (settings screen). Keep it short and idiomatic — this appears on a button, label or heading with limited room, so match the English length where you can.",16,"📄 EXPORT AS CSV",""
"ui.settings.photoStorage","Interface copy (settings screen). Keep it short and idiomatic — this appears on a button, label or heading with limited room, so match the English length where you can.",16,"📸 PHOTO STORAGE",""
"ui.garden.gardenMapCompanionHelp","Interface copy (garden screen). Keep it short and idiomatic — this appears on a button, label or heading with limited room, so match the English length where you can.",27,"Garden Map & Companion Help",""
"ui.garden.buildYourFirstGarden","Interface copy (garden screen). Keep it short and idiomatic — this appears on a button, label or heading with limited room, so match the English length where you can.",23,"Build Your First Garden",""
"ui.garden.saveAFewPlantsFirst","Interface copy (garden screen). Keep it short and idiomatic — this appears on a button, label or heading with limited room, so match the English length where you can.",108,"Save a few plants first, then place them into your garden layout and track companion planting compatibility.",""
"ui.garden.quickAddPlants","Interface copy (garden screen). Keep it short and idiomatic — this appears on a button, label or heading with limited room, so match the English length where you can.",18,"⚡ Quick Add Plants",""
"ui.garden.closeQuickAdd","Interface copy (garden screen). Keep it short and idiomatic — this appears on a button, label or heading with limited room, so match the English length where you can.",17,"✕ Close Quick Add",""
"ui.garden.gardenCareTracker","Interface copy (garden screen). Keep it short and idiomatic — this appears on a button, label or heading with limited room, so match the English length where you can.",22,"🧪 Garden Care Tracker",""
"ui.garden.closeGardenCareTracker","Interface copy (garden screen). Keep it short and idiomatic — this appears on a button, label or heading with limited room, so match the English length where you can.",27,"✕ Close Garden Care Tracker",""
"ui.garden.plantCombos","Interface copy (garden screen). Keep it short and idiomatic — this appears on a button, label or heading with limited room, so match the English length where you can.",15,"🧩 Plant Combos",""
"ui.garden.closePlantCombos","Interface copy (garden screen). Keep it short and idiomatic — this appears on a button, label or heading with limited room, so match the English length where you can.",20,"✕ Close Plant Combos",""
"ui.garden.companionCheck","Interface copy (garden screen). Keep it short and idiomatic — this appears on a button, label or heading with limited room, so match the English length where you can.",18,"🌿 Companion Check",""
"ui.garden.autooptimizeMyLayout","Interface copy (garden screen). Keep it short and idiomatic — this appears on a button, label or heading with limited room, so match the English length where you can.",25,"✨ Auto-optimize my layout",""
"ui.garden.goodPairs","Interface copy (garden screen). Keep it short and idiomatic — this appears on a button, label or heading with limited room, so match the English length where you can.",13,"🟢 Good Pairs",""
"ui.garden.conflicts","Interface copy (garden screen). Keep it short and idiomatic — this appears on a button, label or heading with limited room, so match the English length where you can.",12,"🔴 Conflicts",""
"ui.garden.fertilizerIntelligence","Interface copy (garden screen). Keep it short and idiomatic — this appears on a button, label or heading with limited room, so match the English length where you can.",26,"🌿 Fertilizer Intelligence",""
"ui.garden.shoppingTools","Interface copy (garden screen). Keep it short and idiomatic — this appears on a button, label or heading with limited room, so match the English length where you can.",19,"🛒 Shopping & Tools",""
"ui.garden.shoppingList","Interface copy (garden screen). Keep it short and idiomatic — this appears on a button, label or heading with limited room, so match the English length where you can.",16,"🛒 SHOPPING LIST",""
"ui.garden.gardenToolkit","Interface copy (garden screen). Keep it short and idiomatic — this appears on a button, label or heading with limited room, so match the English length where you can.",17,"🧰 GARDEN TOOLKIT",""
"ui.garden.gardenTools","Interface copy (garden screen). Keep it short and idiomatic — this appears on a button, label or heading with limited room, so match the English length where you can.",16,"🛠️ Garden Tools",""
"ui.garden.closeGardenTools","Interface copy (garden screen). Keep it short and idiomatic — this appears on a button, label or heading with limited room, so match the English length where you can.",20,"✕ Close Garden Tools",""
"ui.garden.inventory","Interface copy (garden screen). Keep it short and idiomatic — this appears on a button, label or heading with limited room, so match the English length where you can.",12,"🌱 Inventory",""
"ui.garden.bedCalc","Interface copy (garden screen). Keep it short and idiomatic — this appears on a button, label or heading with limited room, so match the English length where you can.",11,"📐 Bed Calc",""
"ui.garden.pollinators","Interface copy (garden screen). Keep it short and idiomatic — this appears on a button, label or heading with limited room, so match the English length where you can.",14,"🐝 Pollinators",""
"ui.garden.sunlight","Interface copy (garden screen). Keep it short and idiomatic — this appears on a button, label or heading with limited room, so match the English length where you can.",11,"☀️ Sunlight",""
"ui.garden.shade","Interface copy (garden screen). Keep it short and idiomatic — this appears on a button, label or heading with limited room, so match the English length where you can.",9,"🌥️ Shade",""
"ui.garden.wishlist","Interface copy (garden screen). Keep it short and idiomatic — this appears on a button, label or heading with limited room, so match the English length where you can.",10,"⭐ Wishlist",""
"ui.garden.export","Interface copy (garden screen). Keep it short and idiomatic — this appears on a button, label or heading with limited room, so match the English length where you can.",9,"📤 Export",""
"ui.premium.plantHardinessZoneDataCourtesy","Interface copy (premium screen). Keep it short and idiomatic — this appears on a button, label or heading with limited room, so match the English length where you can.",67,"Plant hardiness zone data courtesy of PRISM Climate Group and USDA.",""
"ui.journal.snapAPhotoWheneverSomething","Interface copy (journal screen). Keep it short and idiomatic — this appears on a button, label or heading with limited room, so match the English length where you can.",189,"Snap a photo whenever something changes. In a few weeks you'll have a beautiful timeline of your garden growing from seed to harvest — with progress bars, streaks, and badges along the way.",""
"ui.journal.clearFilters","Interface copy (journal screen). Keep it short and idiomatic — this appears on a button, label or heading with limited room, so match the English length where you can.",13,"Clear filters",""
"ui.journal.noEntriesFound","Interface copy (journal screen). Keep it short and idiomatic — this appears on a button, label or heading with limited room, so match the English length where you can.",16,"No entries found",""
"ui.journal.tryAdjustingYourSearchOr","Interface copy (journal screen). Keep it short and idiomatic — this appears on a button, label or heading with limited room, so match the English length where you can.",56,"Try adjusting your search or filters to see your plants.",""
"ui.journal.growing","Interface copy (journal screen). Keep it short and idiomatic — this appears on a button, label or heading with limited room, so match the English length where you can.",10,"🌱 Growing",""
"ui.journal.day","Interface copy (journal screen). Keep it short and idiomatic — this appears on a button, label or heading with limited room, so match the English length where you can.",5,"· Day",""
"ui.journal.growthProgress","Interface copy (journal screen). Keep it short and idiomatic — this appears on a button, label or heading with limited room, so match the English length where you can.",15,"Growth Progress",""
"ui.journal.writeACaption","Interface copy (journal screen). Keep it short and idiomatic — this appears on a button, label or heading with limited room, so match the English length where you can.",18,"Write a caption...",""
"ui.journal.smartCaptionIdeas","Interface copy (journal screen). Keep it short and idiomatic — this appears on a button, label or heading with limited room, so match the English length where you can.",21,"✨ Smart caption ideas",""
"ui.journal.saveCaption","Interface copy (journal screen). Keep it short and idiomatic — this appears on a button, label or heading with limited room, so match the English length where you can.",12,"Save Caption",""
"ui.journal.tapToAddACaption","Interface copy (journal screen). Keep it short and idiomatic — this appears on a button, label or heading with limited room, so match the English length where you can.",26,"Tap to add a caption... ✏️",""
"ui.journal.getSmartCaptionIdeas","Interface copy (journal screen). Keep it short and idiomatic — this appears on a button, label or heading with limited room, so match the English length where you can.",25,"✨ Get smart caption ideas",""
"ui.journal.day2","Interface copy (journal screen). Keep it short and idiomatic — this appears on a button, label or heading with limited room, so match the English length where you can.",5,"⏳ Day",""
"ui.journal.sincePlanting","Interface copy (journal screen). Keep it short and idiomatic — this appears on a button, label or heading with limited room, so match the English length where you can.",14,"since planting",""
"ui.journal.tapToExpandAddCaption","Interface copy (journal screen). Keep it short and idiomatic — this appears on a button, label or heading with limited room, so match the English length where you can.",54,"Tap to expand, add caption, or get smart suggestions ✨",""
"ui.journal.collapse","Interface copy (journal screen). Keep it short and idiomatic — this appears on a button, label or heading with limited room, so match the English length where you can.",10,"▲ Collapse",""
"ui.journal.tapToExpand","Interface copy (journal screen). Keep it short and idiomatic — this appears on a button, label or heading with limited room, so match the English length where you can.",15,"▼ Tap to expand",""
"ui.journal.tryAdjustingYourSearchOr2","Interface copy (journal screen). Keep it short and idiomatic — this appears on a button, label or heading with limited room, so match the English length where you can.",37,"Try adjusting your search or filters.",""
"ui.journal.gardenJournal","Interface copy (journal screen). Keep it short and idiomatic — this appears on a button, label or heading with limited room, so match the English length where you can.",17,"📸 Garden Journal",""
"ui.journal.thrivingNearYou","Interface copy (journal screen). Keep it short and idiomatic — this appears on a button, label or heading with limited room, so match the English length where you can.",20,"🌍 Thriving Near You",""
"ui.journal.harvest","Interface copy (journal screen). Keep it short and idiomatic — this appears on a button, label or heading with limited room, so match the English length where you can.",10,"🚜 Harvest",""
"ui.journal.goal","Interface copy (journal screen). Keep it short and idiomatic — this appears on a button, label or heading with limited room, so match the English length where you can.",7,"🎯 Goal",""
"ui.journal.recipes","Interface copy (journal screen). Keep it short and idiomatic — this appears on a button, label or heading with limited room, so match the English length where you can.",11,"🍽️ Recipes",""
"ui.journal.storage","Interface copy (journal screen). Keep it short and idiomatic — this appears on a button, label or heading with limited room, so match the English length where you can.",10,"🧊 Storage",""
"ui.journal.journalTools","Interface copy (journal screen). Keep it short and idiomatic — this appears on a button, label or heading with limited room, so match the English length where you can.",16,"📓 Journal Tools",""
"ui.journal.timelapse","Interface copy (journal screen). Keep it short and idiomatic — this appears on a button, label or heading with limited room, so match the English length where you can.",13,"🎞️ Timelapse",""
"ui.journal.soilTest","Interface copy (journal screen). Keep it short and idiomatic — this appears on a button, label or heading with limited room, so match the English length where you can.",12,"🧫 Soil Test",""
"ui.myGardenToday.todaysGardenPlan","Interface copy (myGardenToday screen). Keep it short and idiomatic — this appears on a button, label or heading with limited room, so match the English length where you can.",22,"📋 TODAY'S GARDEN PLAN",""
"ui.myGardenToday.dailyGardenTasks","Interface copy (myGardenToday screen). Keep it short and idiomatic — this appears on a button, label or heading with limited room, so match the English length where you can.",18,"Daily garden tasks",""
"ui.myGardenToday.allTasksCompleteYourGarden","Interface copy (myGardenToday screen). Keep it short and idiomatic — this appears on a button, label or heading with limited room, so match the English length where you can.",48,"🌟 All tasks complete — your garden is thriving!",""
"ui.myGardenToday.allPlantsWatered","Interface copy (myGardenToday screen). Keep it short and idiomatic — this appears on a button, label or heading with limited room, so match the English length where you can.",19,"All plants watered!",""
"ui.myGardenToday.rainMayHelpCheckSoil","Interface copy (myGardenToday screen). Keep it short and idiomatic — this appears on a button, label or heading with limited room, so match the English length where you can.",42,"Rain may help — check soil before watering",""
"ui.myGardenToday.tapToGoToPlants","Interface copy (myGardenToday screen). Keep it short and idiomatic — this appears on a button, label or heading with limited room, so match the English length where you can.",25,"Tap to go to Plants tab →",""
"ui.myGardenToday.readyToHarvest","Interface copy (myGardenToday screen). Keep it short and idiomatic — this appears on a button, label or heading with limited room, so match the English length where you can.",17,"ready to harvest!",""
"ui.myGardenToday.harvestNowForPeakFlavor","Interface copy (myGardenToday screen). Keep it short and idiomatic — this appears on a button, label or heading with limited room, so match the English length where you can.",56,"Harvest now for peak flavor and to keep plants producing",""
"ui.myGardenToday.tapToGoToGarden","Interface copy (myGardenToday screen). Keep it short and idiomatic — this appears on a button, label or heading with limited room, so match the English length where you can.",25,"Tap to go to Garden tab →",""
"ui.myGardenToday.dueForFertilizer","Interface copy (myGardenToday screen). Keep it short and idiomatic — this appears on a button, label or heading with limited room, so match the English length where you can.",18,"due for fertilizer",""
"ui.myGardenToday.itsBeen14DaysSince","Interface copy (myGardenToday screen). Keep it short and idiomatic — this appears on a button, label or heading with limited room, so match the English length where you can.",57,"It's been 14+ days since last feeding — time to fertilize",""
"ui.myGardenToday.uploadingPhoto","Interface copy (myGardenToday screen). Keep it short and idiomatic — this appears on a button, label or heading with limited room, so match the English length where you can.",16,"Uploading photo…",""
"ui.myGardenToday.addAGardenPhoto","Interface copy (myGardenToday screen). Keep it short and idiomatic — this appears on a button, label or heading with limited room, so match the English length where you can.",18,"Add a garden photo",""
"ui.myGardenToday.yourGardenStoryIsGrowing","Interface copy (myGardenToday screen). Keep it short and idiomatic — this appears on a button, label or heading with limited room, so match the English length where you can.",42,"Your garden story is growing — great work!",""
"ui.myGardenToday.documentYourGardensProgressWith","Interface copy (myGardenToday screen). Keep it short and idiomatic — this appears on a button, label or heading with limited room, so match the English length where you can.",44,"Document your garden's progress with a photo",""
"ui.myGardenToday.tapToAddAPhoto","Interface copy (myGardenToday screen). Keep it short and idiomatic — this appears on a button, label or heading with limited room, so match the English length where you can.",20,"Tap to add a photo →",""
"ui.myGardenToday.seasonalTip","Interface copy (myGardenToday screen). Keep it short and idiomatic — this appears on a button, label or heading with limited room, so match the English length where you can.",15,"💡 Seasonal Tip",""
"ui.myGardenToday.noPlantsSavedYet","Interface copy (myGardenToday screen). Keep it short and idiomatic — this appears on a button, label or heading with limited room, so match the English length where you can.",19,"No plants saved yet",""
"ui.myGardenToday.browseThePlantsTabAnd","Interface copy (myGardenToday screen). Keep it short and idiomatic — this appears on a button, label or heading with limited room, so match the English length where you can.",77,"Browse the Plants tab and save your first plant to start tracking your garden",""
"ui.myGardenToday.plantThisMonth","Interface copy (myGardenToday screen). Keep it short and idiomatic — this appears on a button, label or heading with limited room, so match the English length where you can.",17,"Plant this month:",""
"ui.myGardenToday.aStrongPickForYour","Interface copy (myGardenToday screen). Keep it short and idiomatic — this appears on a button, label or heading with limited room, so match the English length where you can.",65,"A strong pick for your zone right now — tap to see the care guide",""
"ui.fertilizerIntelligence.feedingGuide","Interface copy (fertilizerIntelligence screen). Keep it short and idiomatic — this appears on a button, label or heading with limited room, so match the English length where you can.",13,"Feeding Guide",""
"ui.fertilizerIntelligence.fertilizerType","Interface copy (fertilizerIntelligence screen). Keep it short and idiomatic — this appears on a button, label or heading with limited room, so match the English length where you can.",15,"Fertilizer Type",""
"ui.fertilizerIntelligence.bestTime","Interface copy (fertilizerIntelligence screen). Keep it short and idiomatic — this appears on a button, label or heading with limited room, so match the English length where you can.",9,"Best Time",""
"ui.fertilizerIntelligence.whatToBuy","Interface copy (fertilizerIntelligence screen). Keep it short and idiomatic — this appears on a button, label or heading with limited room, so match the English length where you can.",11,"What to Buy",""
"ui.fertilizerIntelligence.proTip","Interface copy (fertilizerIntelligence screen). Keep it short and idiomatic — this appears on a button, label or heading with limited room, so match the English length where you can.",10,"💡 Pro Tip",""
"ui.fertilizerIntelligence.plantsDueForFeeding","Interface copy (fertilizerIntelligence screen). Keep it short and idiomatic — this appears on a button, label or heading with limited room, so match the English length where you can.",25,"🪴 Plants due for feeding",""
"ui.guildTemplates.provenPlantCombosThatGrow","Interface copy (guildTemplates screen). Keep it short and idiomatic — this appears on a button, label or heading with limited room, so match the English length where you can.",103,"Proven plant combos that grow better together. Tap a combo to see its plants and add the ones you want.",""
"ui.guildTemplates.plants","Interface copy (guildTemplates screen). Keep it short and idiomatic — this appears on a button, label or heading with limited room, so match the English length where you can.",8,"plants ·",""
"ui.guildTemplates.inYourGarden","Interface copy (guildTemplates screen). Keep it short and idiomatic — this appears on a button, label or heading with limited room, so match the English length where you can.",14,"in your garden",""
"ui.guildTemplates.showMoreCombos","Interface copy (guildTemplates screen). Keep it short and idiomatic — this appears on a button, label or heading with limited room, so match the English length where you can.",18,"Show more combos (",""
"ui.guildTemplates.more","Interface copy (guildTemplates screen). Keep it short and idiomatic — this appears on a button, label or heading with limited room, so match the English length where you can.",5,"more)",""
"ui.gardenToolkit.fullyEquipped","Interface copy (gardenToolkit screen). Keep it short and idiomatic — this appears on a button, label or heading with limited room, so match the English length where you can.",18,"🎉 Fully equipped!",""
"ui.gardenToolkit.shop","Interface copy (gardenToolkit screen). Keep it short and idiomatic — this appears on a button, label or heading with limited room, so match the English length where you can.",6,"Shop ›",""
"ui.gardenToolkit.youAlreadyHave","Interface copy (gardenToolkit screen). Keep it short and idiomatic — this appears on a button, label or heading with limited room, so match the English length where you can.",16,"you already have",""
"ui.harvestRecipes.saveOrHarvestAFew","Interface copy (harvestRecipes screen). Keep it short and idiomatic — this appears on a button, label or heading with limited room, so match the English length where you can.",97,"Save or harvest a few edible crops and this card will suggest simple ways to cook and enjoy them.",""
"ui.harvestRecipes.freshFromYourGardenQuick","Interface copy (harvestRecipes screen). Keep it short and idiomatic — this appears on a button, label or heading with limited room, so match the English length where you can.",52,"Fresh from your garden — quick ideas for what you're",""
"ui.harvestRecipes.tapToFindRecipes","Interface copy (harvestRecipes screen). Keep it short and idiomatic — this appears on a button, label or heading with limited room, so match the English length where you can.",22,". Tap to find recipes.",""
"ui.harvestRecipes.recipesEasy","Interface copy (harvestRecipes screen). Keep it short and idiomatic — this appears on a button, label or heading with limited room, so match the English length where you can.",12,"recipes easy",""
"ui.harvestRecipes.recipes","Interface copy (harvestRecipes screen). Keep it short and idiomatic — this appears on a button, label or heading with limited room, so match the English length where you can.",9,"Recipes ›",""
"ui.soilCareLog.totalLogs","Interface copy (soilCareLog screen). Keep it short and idiomatic — this appears on a button, label or heading with limited room, so match the English length where you can.",10,"Total Logs",""
"ui.soilCareLog.thisMonth","Interface copy (soilCareLog screen). Keep it short and idiomatic — this appears on a button, label or heading with limited room, so match the English length where you can.",10,"This Month",""
"ui.soilCareLog.plantsTracked","Interface copy (soilCareLog screen). Keep it short and idiomatic — this appears on a button, label or heading with limited room, so match the English length where you can.",14,"Plants Tracked",""
"ui.soilCareLog.topAction","Interface copy (soilCareLog screen). Keep it short and idiomatic — this appears on a button, label or heading with limited room, so match the English length where you can.",10,"Top Action",""
"ui.soilCareLog.last","Interface copy (soilCareLog screen). Keep it short and idiomatic — this appears on a button, label or heading with limited room, so match the English length where you can.",5,"Last:",""
"ui.soilCareLog.wholeGarden","Interface copy (soilCareLog screen). Keep it short and idiomatic — this appears on a button, label or heading with limited room, so match the English length where you can.",12,"whole garden",""
"ui.soilCareLog.cancel","Interface copy (soilCareLog screen). Keep it short and idiomatic — this appears on a button, label or heading with limited room, so match the English length where you can.",8,"✕ Cancel",""
"ui.soilCareLog.logCareAction","Interface copy (soilCareLog screen). Keep it short and idiomatic — this appears on a button, label or heading with limited room, so match the English length where you can.",17,"＋ Log Care Action",""
"ui.soilCareLog.whichPlant","Interface copy (soilCareLog screen). Keep it short and idiomatic — this appears on a button, label or heading with limited room, so match the English length where you can.",12,"Which plant?",""
"ui.soilCareLog.wholeGarden2","Interface copy (soilCareLog screen). Keep it short and idiomatic — this appears on a button, label or heading with limited room, so match the English length where you can.",15,"🌍 Whole Garden",""
"ui.soilCareLog.whatDidYouDo","Interface copy (soilCareLog screen). Keep it short and idiomatic — this appears on a button, label or heading with limited room, so match the English length where you can.",16,"What did you do?",""
"ui.soilCareLog.addANoteOptional","Interface copy (soilCareLog screen). Keep it short and idiomatic — this appears on a button, label or heading with limited room, so match the English length where you can.",21,"Add a note (optional)",""
"ui.soilCareLog.egUsedOrganicNeemOil","Interface copy (soilCareLog screen). Keep it short and idiomatic — this appears on a button, label or heading with limited room, so match the English length where you can.",63,"e.g. Used organic neem oil, pH was 6.5, added 2 cups compost...",""
"ui.soilCareLog.logCareEntry","Interface copy (soilCareLog screen). Keep it short and idiomatic — this appears on a button, label or heading with limited room, so match the English length where you can.",16,"✅ Log Care Entry",""
"ui.soilCareLog.calendar","Interface copy (soilCareLog screen). Keep it short and idiomatic — this appears on a button, label or heading with limited room, so match the English length where you can.",11,"📅 Calendar",""
"ui.soilCareLog.timeline","Interface copy (soilCareLog screen). Keep it short and idiomatic — this appears on a button, label or heading with limited room, so match the English length where you can.",11,"📋 Timeline",""
"ui.soilCareLog.today","Interface copy (soilCareLog screen). Keep it short and idiomatic — this appears on a button, label or heading with limited room, so match the English length where you can.",8,"📅 Today",""
"ui.soilCareLog.all","Interface copy (soilCareLog screen). Keep it short and idiomatic — this appears on a button, label or heading with limited room, so match the English length where you can.",6,"🌿 All",""
"ui.soilCareLog.garden","Interface copy (soilCareLog screen). Keep it short and idiomatic — this appears on a button, label or heading with limited room, so match the English length where you can.",9,"🌍 Garden",""
"ui.soilCareLog.t120000","Interface copy (soilCareLog screen). Keep it short and idiomatic — this appears on a button, label or heading with limited room, so match the English length where you can.",9,"T12:00:00",""
"ui.soilCareLog.noCareLoggedForThis","Interface copy (soilCareLog screen). Keep it short and idiomatic — this appears on a button, label or heading with limited room, so match the English length where you can.",51,"No care logged for this day. Tap ＋ to add an entry.",""
"ui.soilCareLog.noCareEntriesYetTap","Interface copy (soilCareLog screen). Keep it short and idiomatic — this appears on a button, label or heading with limited room, so match the English length where you can.",52,"No care entries yet. Tap ＋ to log your first action!",""
"ui.soilCareLog.noCareLoggedYet","Interface copy (soilCareLog screen). Keep it short and idiomatic — this appears on a button, label or heading with limited room, so match the English length where you can.",18,"No care logged yet",""
"ui.soilCareLog.tapAboveToLogYour","Interface copy (soilCareLog screen). Keep it short and idiomatic — this appears on a button, label or heading with limited room, so match the English length where you can.",104,"Tap ＋ above to log your first care action. Track compost, repotting, pest treatment, pH tests, and more.",""
"ui.gardenStatsDashboard.xp","Interface copy (gardenStatsDashboard screen). Keep it short and idiomatic — this appears on a button, label or heading with limited room, so match the English length where you can.",4,"XP •",""
"ui.gardenStatsDashboard.toNextLevel","Interface copy (gardenStatsDashboard screen). Keep it short and idiomatic — this appears on a button, label or heading with limited room, so match the English length where you can.",13,"to next level",""
"ui.gardenStatsDashboard.consistencyBonus","Interface copy (gardenStatsDashboard screen). Keep it short and idiomatic — this appears on a button, label or heading with limited room, so match the English length where you can.",17,"consistency bonus",""
"ui.gardenStatsDashboard.plants","Interface copy (gardenStatsDashboard screen). Keep it short and idiomatic — this appears on a button, label or heading with limited room, so match the English length where you can.",9,"🌱 PLANTS",""
"ui.gardenStatsDashboard.inGardenMap","Interface copy (gardenStatsDashboard screen). Keep it short and idiomatic — this appears on a button, label or heading with limited room, so match the English length where you can.",13,"in garden map",""
"ui.gardenStatsDashboard.watering","Interface copy (gardenStatsDashboard screen). Keep it short and idiomatic — this appears on a button, label or heading with limited room, so match the English length where you can.",11,"💧 WATERING",""
"ui.gardenStatsDashboard.wateredToday","Interface copy (gardenStatsDashboard screen). Keep it short and idiomatic — this appears on a button, label or heading with limited room, so match the English length where you can.",13,"Watered Today",""
"ui.gardenStatsDashboard.totalWaterings","Interface copy (gardenStatsDashboard screen). Keep it short and idiomatic — this appears on a button, label or heading with limited room, so match the English length where you can.",15,"total waterings",""
"ui.gardenStatsDashboard.journal","Interface copy (gardenStatsDashboard screen). Keep it short and idiomatic — this appears on a button, label or heading with limited room, so match the English length where you can.",10,"📸 JOURNAL",""
"ui.gardenStatsDashboard.totalPhotos","Interface copy (gardenStatsDashboard screen). Keep it short and idiomatic — this appears on a button, label or heading with limited room, so match the English length where you can.",12,"Total Photos",""
"ui.gardenStatsDashboard.thisMonth","Interface copy (gardenStatsDashboard screen). Keep it short and idiomatic — this appears on a button, label or heading with limited room, so match the English length where you can.",10,"this month",""
"ui.gardenStatsDashboard.harvest","Interface copy (gardenStatsDashboard screen). Keep it short and idiomatic — this appears on a button, label or heading with limited room, so match the English length where you can.",10,"🚜 HARVEST",""
"ui.gardenStatsDashboard.toHarvest","Interface copy (gardenStatsDashboard screen). Keep it short and idiomatic — this appears on a button, label or heading with limited room, so match the English length where you can.",10,"To harvest",""
"ui.gardenStatsDashboard.plantsTracked","Interface copy (gardenStatsDashboard screen). Keep it short and idiomatic — this appears on a button, label or heading with limited room, so match the English length where you can.",14,"plants tracked",""
"ui.gardenStatsDashboard.needWatering","Interface copy (gardenStatsDashboard screen). Keep it short and idiomatic — this appears on a button, label or heading with limited room, so match the English length where you can.",13,"need watering",""
"ui.gardenStatsDashboard.tapToOpenThePlants","Interface copy (gardenStatsDashboard screen). Keep it short and idiomatic — this appears on a button, label or heading with limited room, so match the English length where you can.",38,"Tap to open the Plants tab and water →",""
"ui.gardenStatsDashboard.waterAllPlantsThatNeed","Interface copy (gardenStatsDashboard screen). Keep it short and idiomatic — this appears on a button, label or heading with limited room, so match the English length where you can.",38,"Water all plants that need water today",""
"ui.gardenStatsDashboard.waterAll","Interface copy (gardenStatsDashboard screen). Keep it short and idiomatic — this appears on a button, label or heading with limited room, so match the English length where you can.",12,"💧 Water all",""
"ui.gardenStatsDashboard.readyToHarvest","Interface copy (gardenStatsDashboard screen). Keep it short and idiomatic — this appears on a button, label or heading with limited room, so match the English length where you can.",17,"ready to harvest!",""
"ui.gardenStatsDashboard.checkYourPlantCardsTo","Interface copy (gardenStatsDashboard screen). Keep it short and idiomatic — this appears on a button, label or heading with limited room, so match the English length where you can.",39,"Check your plant cards to harvest today",""
"ui.gardenStatsDashboard.dueForFertilizer","Interface copy (gardenStatsDashboard screen). Keep it short and idiomatic — this appears on a button, label or heading with limited room, so match the English length where you can.",18,"due for fertilizer",""
"ui.gardenStatsDashboard.itsBeen14DaysSince","Interface copy (gardenStatsDashboard screen). Keep it short and idiomatic — this appears on a button, label or heading with limited room, so match the English length where you can.",37,"It's been 14+ days since last feeding",""
"ui.gardenStatsDashboard.gardenHasCompanionConflicts","Interface copy (gardenStatsDashboard screen). Keep it short and idiomatic — this appears on a button, label or heading with limited room, so match the English length where you can.",30,"Garden has companion conflicts",""
"ui.gardenStatsDashboard.checkTheGardenTabTo","Interface copy (gardenStatsDashboard screen). Keep it short and idiomatic — this appears on a button, label or heading with limited room, so match the English length where you can.",42,"Check the Garden tab to fix plant pairings",""
"ui.gardenStatsDashboard.saveYourFirstPlantTo","Interface copy (gardenStatsDashboard screen). Keep it short and idiomatic — this appears on a button, label or heading with limited room, so match the English length where you can.",36,"Save your first plant to get started",""
"ui.gardenStatsDashboard.browseThePlantsTabAnd","Interface copy (gardenStatsDashboard screen). Keep it short and idiomatic — this appears on a button, label or heading with limited room, so match the English length where you can.",47,"Browse the Plants tab and tap Save on any plant",""
"ui.gardenStatsDashboard.photosLogged","Interface copy (gardenStatsDashboard screen). Keep it short and idiomatic — this appears on a button, label or heading with limited room, so match the English length where you can.",13,"Photos Logged",""
"ui.gardenStatsDashboard.plantsDocumented","Interface copy (gardenStatsDashboard screen). Keep it short and idiomatic — this appears on a button, label or heading with limited room, so match the English length where you can.",17,"Plants Documented",""
"ui.gardenStatsDashboard.thisMonth2","Interface copy (gardenStatsDashboard screen). Keep it short and idiomatic — this appears on a button, label or heading with limited room, so match the English length where you can.",10,"This Month",""
"ui.gardenStatsDashboard.thisWeeksMomentum","Interface copy (gardenStatsDashboard screen). Keep it short and idiomatic — this appears on a button, label or heading with limited room, so match the English length where you can.",20,"This week's momentum",""
"ui.gardenStatsDashboard.myPocketPlanterGardenThis","Interface copy (gardenStatsDashboard screen). Keep it short and idiomatic — this appears on a button, label or heading with limited room, so match the English length where you can.",38,"🌱 My Pocket Planter garden this week:",""
"ui.gardenStatsDashboard.growingSmarterWithPocketPlanter","Interface copy (gardenStatsDashboard screen). Keep it short and idiomatic — this appears on a button, label or heading with limited room, so match the English length where you can.",38,"Growing smarter with Pocket Planter 🌿",""
"ui.gardenStatsDashboard.shareMyGardenWeek","Interface copy (gardenStatsDashboard screen). Keep it short and idiomatic — this appears on a button, label or heading with limited room, so match the English length where you can.",20,"Share my garden week",""
"ui.gardenStatsDashboard.shareMyGardenWeek2","Interface copy (gardenStatsDashboard screen). Keep it short and idiomatic — this appears on a button, label or heading with limited room, so match the English length where you can.",23,"📸 Share my garden week",""
"ui.onboarding.setMyZone","Interface copy (onboarding screen). Keep it short and idiomatic — this appears on a button, label or heading with limited room, so match the English length where you can.",14,"Set My Zone 🌿",""
"ui.onboarding.next","Interface copy (onboarding screen). Keep it short and idiomatic — this appears on a button, label or heading with limited room, so match the English length where you can.",6,"Next →",""
"ui.onboarding.skipForNow","Interface copy (onboarding screen). Keep it short and idiomatic — this appears on a button, label or heading with limited room, so match the English length where you can.",12,"Skip for now",""
"ui.accountCloud.notSignedIn","Interface copy (accountCloud screen). Keep it short and idiomatic — this appears on a button, label or heading with limited room, so match the English length where you can.",13,"Not signed in",""
"ui.accountCloud.premiumStatus","Interface copy (accountCloud screen). Keep it short and idiomatic — this appears on a button, label or heading with limited room, so match the English length where you can.",14,"Premium Status",""
"ui.accountCloud.active","Interface copy (accountCloud screen). Keep it short and idiomatic — this appears on a button, label or heading with limited room, so match the English length where you can.",8,"Active ✅",""
"ui.accountCloud.savedPlants","Interface copy (accountCloud screen). Keep it short and idiomatic — this appears on a button, label or heading with limited room, so match the English length where you can.",12,"Saved Plants",""
"ui.accountCloud.journalPhotos","Interface copy (accountCloud screen). Keep it short and idiomatic — this appears on a button, label or heading with limited room, so match the English length where you can.",14,"Journal Photos",""
"ui.accountCloud.gardenPlots","Interface copy (accountCloud screen). Keep it short and idiomatic — this appears on a button, label or heading with limited room, so match the English length where you can.",12,"Garden Plots",""
"ui.accountCloud.memberSince","Interface copy (accountCloud screen). Keep it short and idiomatic — this appears on a button, label or heading with limited room, so match the English length where you can.",12,"Member Since",""
"ui.accountCloud.lastCloudSync","Interface copy (accountCloud screen). Keep it short and idiomatic — this appears on a button, label or heading with limited room, so match the English length where you can.",15,"Last Cloud Sync",""
"ui.accountCloud.changeEmail","Interface copy (accountCloud screen). Keep it short and idiomatic — this appears on a button, label or heading with limited room, so match the English length where you can.",12,"Change Email",""
"ui.accountCloud.newEmailAddress","Interface copy (accountCloud screen). Keep it short and idiomatic — this appears on a button, label or heading with limited room, so match the English length where you can.",17,"New email address",""
"ui.accountCloud.sendEmailChangeConfirmation","Interface copy (accountCloud screen). Keep it short and idiomatic — this appears on a button, label or heading with limited room, so match the English length where you can.",30,"Send Email Change Confirmation",""
"ui.accountCloud.sendPasswordResetEmail","Interface copy (accountCloud screen). Keep it short and idiomatic — this appears on a button, label or heading with limited room, so match the English length where you can.",25,"Send Password Reset Email",""
"ui.accountCloud.logOut","Interface copy (accountCloud screen). Keep it short and idiomatic — this appears on a button, label or heading with limited room, so match the English length where you can.",10,"🚪 Log Out",""
"ui.accountCloud.deleteAccount","Interface copy (accountCloud screen). Keep it short and idiomatic — this appears on a button, label or heading with limited room, so match the English length where you can.",17,"🗑 Delete Account",""
"ui.harvestStorageGuide.saveOrHarvestAFew","Interface copy (harvestStorageGuide screen). Keep it short and idiomatic — this appears on a button, label or heading with limited room, so match the English length where you can.",107,"Save or harvest a few crops and you'll get storage tips — how to keep each one fresh and how long it lasts.",""
"ui.harvestStorageGuide.keepYourHarvestFreshLonger","Interface copy (harvestStorageGuide screen). Keep it short and idiomatic — this appears on a button, label or heading with limited room, so match the English length where you can.",57,"Keep your harvest fresh longer — how to store what you're",""
"ui.home.tomorrowNight","Interface copy (home screen). Keep it short and idiomatic — this appears on a button, label or heading with limited room, so match the English length where you can.",14,"tomorrow night",""
"ui.home.tonight","Interface copy (home screen). Keep it short and idiomatic — this appears on a button, label or heading with limited room, so match the English length where you can.",10,"❄️ Tonight",""
"ui.home.n1NightAway","Interface copy (home screen). Keep it short and idiomatic — this appears on a button, label or heading with limited room, so match the English length where you can.",15,"❄️ 1 night away",""
"ui.home.frostExpected","Interface copy (home screen). Keep it short and idiomatic — this appears on a button, label or heading with limited room, so match the English length where you can.",14,"Frost expected",""
"ui.home.lowOf","Interface copy (home screen). Keep it short and idiomatic — this appears on a button, label or heading with limited room, so match the English length where you can.",6,"Low of",""
"ui.home.comingCoverTenderPlantsMove","Interface copy (home screen). Keep it short and idiomatic — this appears on a button, label or heading with limited room, so match the English length where you can.",88,"coming — cover tender plants, move containers to shelter, and hold off on transplanting.",""
"ui.home.extremeHeatToday","Interface copy (home screen). Keep it short and idiomatic — this appears on a button, label or heading with limited room, so match the English length where you can.",18,"Extreme heat today",""
"ui.home.highOf","Interface copy (home screen). Keep it short and idiomatic — this appears on a button, label or heading with limited room, so match the English length where you can.",7,"High of",""
"ui.home.waterBefore9AmShade","Interface copy (home screen). Keep it short and idiomatic — this appears on a button, label or heading with limited room, so match the English length where you can.",81,"— water before 9 AM, shade young plants, add mulch, and skip transplanting today.",""
"ui.home.wateringSkippedToday","Interface copy (home screen). Keep it short and idiomatic — this appears on a button, label or heading with limited room, so match the English length where you can.",22,"Watering skipped today",""
"ui.home.chanceOfRainPocketPlanter","Interface copy (home screen). Keep it short and idiomatic — this appears on a button, label or heading with limited room, so match the English length where you can.",130,"% chance of rain — Pocket Planter is skipping today's watering reminder so you don't overwater. Check soil before watering anyway.",""
"ui.home.whatsNew","Interface copy (home screen). Keep it short and idiomatic — this appears on a button, label or heading with limited room, so match the English length where you can.",12,"✨ WHAT'S NEW",""
"ui.home.freshUpdates","Interface copy (home screen). Keep it short and idiomatic — this appears on a button, label or heading with limited room, so match the English length where you can.",16,"Fresh updates 🌱",""
"ui.home.gotIt","Interface copy (home screen). Keep it short and idiomatic — this appears on a button, label or heading with limited room, so match the English length where you can.",9,"Got it 🌿",""
"ui.home.searchPlantsPestsAndJournal","Interface copy (home screen). Keep it short and idiomatic — this appears on a button, label or heading with limited room, so match the English length where you can.",33,"Search plants, pests, and journal",""
"ui.home.searchPlantsPestsJournal","Interface copy (home screen). Keep it short and idiomatic — this appears on a button, label or heading with limited room, so match the English length where you can.",30,"Search plants, pests, journal…",""
"ui.home.gardenDashboard","Interface copy (home screen). Keep it short and idiomatic — this appears on a button, label or heading with limited room, so match the English length where you can.",19,"🌱 Garden Dashboard",""
"ui.home.plantPick","Interface copy (home screen). Keep it short and idiomatic — this appears on a button, label or heading with limited room, so match the English length where you can.",13,"🌟 Plant Pick",""
"ui.home.showFrostDatesCard","Interface copy (home screen). Keep it short and idiomatic — this appears on a button, label or heading with limited room, so match the English length where you can.",24,"❄️ Show frost dates card",""
"ui.home.daylightToday","Interface copy (home screen). Keep it short and idiomatic — this appears on a button, label or heading with limited room, so match the English length where you can.",17,"☀️ Daylight Today",""
"ui.home.thisMonth","Interface copy (home screen). Keep it short and idiomatic — this appears on a button, label or heading with limited room, so match the English length where you can.",14,"🗓️ This Month",""
"ui.home.pestWatch","Interface copy (home screen). Keep it short and idiomatic — this appears on a button, label or heading with limited room, so match the English length where you can.",13,"🐛 Pest Watch",""
"ui.home.plantingSowingFrost","Interface copy (home screen). Keep it short and idiomatic — this appears on a button, label or heading with limited room, so match the English length where you can.",27,"🌱 Planting, Sowing & Frost",""
"ui.home.plantingHarvestCalendar","Interface copy (home screen). Keep it short and idiomatic — this appears on a button, label or heading with limited room, so match the English length where you can.",30,"📅 PLANTING & HARVEST CALENDAR",""
"ui.home.successionSowing","Interface copy (home screen). Keep it short and idiomatic — this appears on a button, label or heading with limited room, so match the English length where you can.",20,"🔁 Succession Sowing",""
"ui.home.closeSuccessionSowing","Interface copy (home screen). Keep it short and idiomatic — this appears on a button, label or heading with limited room, so match the English length where you can.",25,"✕ Close Succession Sowing",""
"ui.home.frostDates","Interface copy (home screen). Keep it short and idiomatic — this appears on a button, label or heading with limited room, so match the English length where you can.",14,"❄️ Frost Dates",""
"ui.home.closeFrostDates","Interface copy (home screen). Keep it short and idiomatic — this appears on a button, label or heading with limited room, so match the English length where you can.",19,"✕ Close Frost Dates",""
"ui.home.savedPlants","Interface copy (home screen). Keep it short and idiomatic — this appears on a button, label or heading with limited room, so match the English length where you can.",15,"🌿 Saved Plants",""
"ui.home.streakFreeze","Interface copy (home screen). Keep it short and idiomatic — this appears on a button, label or heading with limited room, so match the English length where you can.",13,"Streak Freeze",""
"ui.home.protectYourStreakOnA","Interface copy (home screen). Keep it short and idiomatic — this appears on a button, label or heading with limited room, so match the English length where you can.",52,"Protect your streak on a busy day. Refreshes weekly.",""
"ui.home.usedThisWeekRefreshesNext","Interface copy (home screen). Keep it short and idiomatic — this appears on a button, label or heading with limited room, so match the English length where you can.",37,"Used this week — refreshes next week.",""
"ui.home.useStreakFreeze","Interface copy (home screen). Keep it short and idiomatic — this appears on a button, label or heading with limited room, so match the English length where you can.",17,"Use streak freeze",""
"ui.areaPlannerMap.createAnAreaFirst","Interface copy (areaPlannerMap screen). Keep it short and idiomatic — this appears on a button, label or heading with limited room, so match the English length where you can.",20,"Create an area first",""
"ui.areaPlannerMap.addAGardenAreaAbove","Interface copy (areaPlannerMap screen). Keep it short and idiomatic — this appears on a button, label or heading with limited room, so match the English length where you can.",89,"Add a garden area above (like Backyard or Balcony), then place your saved plants into it.",""
"ui.areaPlannerMap.perfectGarden","Interface copy (areaPlannerMap screen). Keep it short and idiomatic — this appears on a button, label or heading with limited room, so match the English length where you can.",17,"🌱 PERFECT GARDEN",""
"ui.areaPlannerMap.aDreamBedWith","Interface copy (areaPlannerMap screen). Keep it short and idiomatic — this appears on a button, label or heading with limited room, so match the English length where you can.",16,"A dream bed with",""
"ui.areaPlannerMap.heresHow","Interface copy (areaPlannerMap screen). Keep it short and idiomatic — this appears on a button, label or heading with limited room, so match the English length where you can.",10,"Here's how",""
"ui.areaPlannerMap.thrivesSurroundedByItsBest","Interface copy (areaPlannerMap screen). Keep it short and idiomatic — this appears on a button, label or heading with limited room, so match the English length where you can.",86,"thrives — surrounded by its best companions. Tap anywhere to close and build your own.",""
"ui.areaPlannerMap.addTheseToMyGarden","Interface copy (areaPlannerMap screen). Keep it short and idiomatic — this appears on a button, label or heading with limited room, so match the English length where you can.",22,"Add these to my garden",""
"ui.areaPlannerMap.maybeLater","Interface copy (areaPlannerMap screen). Keep it short and idiomatic — this appears on a button, label or heading with limited room, so match the English length where you can.",11,"Maybe later",""
"ui.areaPlannerMap.allGardens","Interface copy (areaPlannerMap screen). Keep it short and idiomatic — this appears on a button, label or heading with limited room, so match the English length where you can.",13,"‹ All gardens",""
"ui.areaPlannerMap.waterBed","Interface copy (areaPlannerMap screen). Keep it short and idiomatic — this appears on a button, label or heading with limited room, so match the English length where you can.",12,"💧 Water bed",""
"ui.areaPlannerMap.needWater","Interface copy (areaPlannerMap screen). Keep it short and idiomatic — this appears on a button, label or heading with limited room, so match the English length where you can.",10,"need water",""
"ui.areaPlannerMap.excellentPair","Interface copy (areaPlannerMap screen). Keep it short and idiomatic — this appears on a button, label or heading with limited room, so match the English length where you can.",14,"Excellent Pair",""
"ui.areaPlannerMap.inThisBed","Interface copy (areaPlannerMap screen). Keep it short and idiomatic — this appears on a button, label or heading with limited room, so match the English length where you can.",14,"🤝 IN THIS BED",""
"ui.areaPlannerMap.howThePlantsIn","Interface copy (areaPlannerMap screen). Keep it short and idiomatic — this appears on a button, label or heading with limited room, so match the English length where you can.",17,"How the plants in",""
"ui.areaPlannerMap.getAlong","Interface copy (areaPlannerMap screen). Keep it short and idiomatic — this appears on a button, label or heading with limited room, so match the English length where you can.",10,"get along.",""
"ui.areaPlannerMap.greatCompanionsToAdd","Interface copy (areaPlannerMap screen). Keep it short and idiomatic — this appears on a button, label or heading with limited room, so match the English length where you can.",26,"🌱 GREAT COMPANIONS TO ADD",""
"ui.areaPlannerMap.thesePairWellWithWhat","Interface copy (areaPlannerMap screen). Keep it short and idiomatic — this appears on a button, label or heading with limited room, so match the English length where you can.",51,"These pair well with what you've already planted in",""
"ui.areaPlannerMap.deleteGarden","Interface copy (areaPlannerMap screen). Keep it short and idiomatic — this appears on a button, label or heading with limited room, so match the English length where you can.",16,"🗑 Delete garden",""
"ui.gardenPlannerMap.greatPair","Interface copy (gardenPlannerMap screen). Keep it short and idiomatic — this appears on a button, label or heading with limited room, so match the English length where you can.",12,"Great pair ✓",""
"ui.gardenPlannerMap.conflict","Interface copy (gardenPlannerMap screen). Keep it short and idiomatic — this appears on a button, label or heading with limited room, so match the English length where you can.",10,"Conflict ⚠",""
"ui.gardenPlannerMap.needsWater","Interface copy (gardenPlannerMap screen). Keep it short and idiomatic — this appears on a button, label or heading with limited room, so match the English length where you can.",14,"Needs water 💧",""
"ui.gardenPlannerMap.empty","Interface copy (gardenPlannerMap screen). Keep it short and idiomatic — this appears on a button, label or heading with limited room, so match the English length where you can.",7,"Empty ＋",""
"ui.gardenPlannerMap.plotsFilled","Interface copy (gardenPlannerMap screen). Keep it short and idiomatic — this appears on a button, label or heading with limited room, so match the English length where you can.",12,"Plots filled",""
"ui.gardenPlannerMap.greatPairs","Interface copy (gardenPlannerMap screen). Keep it short and idiomatic — this appears on a button, label or heading with limited room, so match the English length where you can.",11,"Great pairs",""
"ui.gardenPlannerMap.excellentPair","Interface copy (gardenPlannerMap screen). Keep it short and idiomatic — this appears on a button, label or heading with limited room, so match the English length where you can.",14,"Excellent Pair",""
"ui.gardenPlannerMap.plantNow","Interface copy (gardenPlannerMap screen). Keep it short and idiomatic — this appears on a button, label or heading with limited room, so match the English length where you can.",9,"Plant now",""
"ui.gardenPlannerMap.change","Interface copy (gardenPlannerMap screen). Keep it short and idiomatic — this appears on a button, label or heading with limited room, so match the English length where you can.",8,"Change →",""
"ui.gardenPlannerMap.season","Interface copy (gardenPlannerMap screen). Keep it short and idiomatic — this appears on a button, label or heading with limited room, so match the English length where you can.",7,"Season:",""
"ui.gardenPlannerMap.wateredToday","Interface copy (gardenPlannerMap screen). Keep it short and idiomatic — this appears on a button, label or heading with limited room, so match the English length where you can.",13,"Watered today",""
"ui.gardenPlannerMap.needsWaterToday","Interface copy (gardenPlannerMap screen). Keep it short and idiomatic — this appears on a button, label or heading with limited room, so match the English length where you can.",17,"Needs water today",""
"ui.gardenPlannerMap.readyToHarvest","Interface copy (gardenPlannerMap screen). Keep it short and idiomatic — this appears on a button, label or heading with limited room, so match the English length where you can.",20,"🎉 Ready to harvest!",""
"ui.gardenPlannerMap.greatPairsNearby","Interface copy (gardenPlannerMap screen). Keep it short and idiomatic — this appears on a button, label or heading with limited room, so match the English length where you can.",22,"🟢 Great pairs nearby:",""
"ui.gardenPlannerMap.conflictsInYourGarden","Interface copy (gardenPlannerMap screen). Keep it short and idiomatic — this appears on a button, label or heading with limited room, so match the English length where you can.",28,"🔴 Conflicts in your garden:",""
"ui.gardenPlannerMap.removeFromPlot","Interface copy (gardenPlannerMap screen). Keep it short and idiomatic — this appears on a button, label or heading with limited room, so match the English length where you can.",19,"🗑 Remove from plot",""
"ui.gardenPlannerMap.tapAnyPlotToPlace","Interface copy (gardenPlannerMap screen). Keep it short and idiomatic — this appears on a button, label or heading with limited room, so match the English length where you can.",29,"Tap any plot to place a plant",""
"ui.gardenPlannerMap.pocketPlanterWillShowCompanion","Interface copy (gardenPlannerMap screen). Keep it short and idiomatic — this appears on a button, label or heading with limited room, so match the English length where you can.",114,"Pocket Planter will show companion pairing, watering status, harvest countdowns, and weather alerts for each plot.",""
"ui.pollinatorPlanner.pollinatorsMeanBetterFruitSet","Interface copy (pollinatorPlanner screen). Keep it short and idiomatic — this appears on a button, label or heading with limited room, so match the English length where you can.",143,"Pollinators mean better fruit set and fewer pests. Tuck a few of these near your veggies to bring in bees, butterflies, and beneficial insects.",""
"ui.pollinatorPlanner.youreAlreadyGrowing","Interface copy (pollinatorPlanner screen). Keep it short and idiomatic — this appears on a button, label or heading with limited room, so match the English length where you can.",24,"✓ You're already growing",""
"ui.pollinatorPlanner.niceYourPollinatorsAreCovered","Interface copy (pollinatorPlanner screen). Keep it short and idiomatic — this appears on a button, label or heading with limited room, so match the English length where you can.",37,"— nice, your pollinators are covered!",""
"ui.pollinatorPlanner.greatAdditions","Interface copy (pollinatorPlanner screen). Keep it short and idiomatic — this appears on a button, label or heading with limited room, so match the English length where you can.",18,"🐝 GREAT ADDITIONS",""
"ui.plants.thisMonthsPicks","Interface copy (plants screen). Keep it short and idiomatic — this appears on a button, label or heading with limited room, so match the English length where you can.",21,"📅 This Month's Picks",""
"ui.plants.allPlants","Interface copy (plants screen). Keep it short and idiomatic — this appears on a button, label or heading with limited room, so match the English length where you can.",10,"All plants",""
"ui.plants.nothingIdealFor","Interface copy (plants screen). Keep it short and idiomatic — this appears on a button, label or heading with limited room, so match the English length where you can.",17,"Nothing ideal for",""
"ui.plants.setYourZipCodeOn","Interface copy (plants screen). Keep it short and idiomatic — this appears on a button, label or heading with limited room, so match the English length where you can.",98,"Set your zip code on the Weather tab to unlock plant recommendations matched to your growing zone.",""
"ui.plants.yourPlantingCalendar","Interface copy (plants screen). Keep it short and idiomatic — this appears on a button, label or heading with limited room, so match the English length where you can.",25,"📅 Your Planting Calendar",""
"ui.plants.recentlyViewed","Interface copy (plants screen). Keep it short and idiomatic — this appears on a button, label or heading with limited room, so match the English length where you can.",18,"🕐 RECENTLY VIEWED",""
"ui.plants.searchPlants","Interface copy (plants screen). Keep it short and idiomatic — this appears on a button, label or heading with limited room, so match the English length where you can.",16,"Search plants...",""
"ui.plants.showingPlantableNow","Interface copy (plants screen). Keep it short and idiomatic — this appears on a button, label or heading with limited room, so match the English length where you can.",26,"🌱 Showing plantable now ✓",""
"ui.plants.showAllDifficulties","Interface copy (plants screen). Keep it short and idiomatic — this appears on a button, label or heading with limited room, so match the English length where you can.",21,"Show all difficulties",""
"ui.plants.smart","Interface copy (plants screen). Keep it short and idiomatic — this appears on a button, label or heading with limited room, so match the English length where you can.",7,"✨ Smart",""
"ui.plants.fastestHarvest","Interface copy (plants screen). Keep it short and idiomatic — this appears on a button, label or heading with limited room, so match the English length where you can.",17,"⚡ Fastest harvest",""
"ui.plants.difficulty","Interface copy (plants screen). Keep it short and idiomatic — this appears on a button, label or heading with limited room, so match the English length where you can.",13,"🎯 Difficulty",""
"ui.plants.plantComparison","Interface copy (plants screen). Keep it short and idiomatic — this appears on a button, label or heading with limited room, so match the English length where you can.",19,"⚔️ Plant Comparison",""
"ui.plants.clearComparison","Interface copy (plants screen). Keep it short and idiomatic — this appears on a button, label or heading with limited room, so match the English length where you can.",16,"Clear Comparison",""
"ui.plants.selectOneMorePlantTo","Interface copy (plants screen). Keep it short and idiomatic — this appears on a button, label or heading with limited room, so match the English length where you can.",40,"⚔️ Select one more plant to compare with",""
"ui.plants.selectMultiple","Interface copy (plants screen). Keep it short and idiomatic — this appears on a button, label or heading with limited room, so match the English length where you can.",18,"☑️ Select multiple",""
"ui.plants.noPlantsFound","Interface copy (plants screen). Keep it short and idiomatic — this appears on a button, label or heading with limited room, so match the English length where you can.",15,"No plants found",""
"ui.plants.noPlantsMatchTheCurrent","Interface copy (plants screen). Keep it short and idiomatic — this appears on a button, label or heading with limited room, so match the English length where you can.",35,"No plants match the current filter.",""
"ui.plants.didYouMean","Interface copy (plants screen). Keep it short and idiomatic — this appears on a button, label or heading with limited room, so match the English length where you can.",13,"Did you mean?",""
"ui.plants.showAllPlants","Interface copy (plants screen). Keep it short and idiomatic — this appears on a button, label or heading with limited room, so match the English length where you can.",15,"Show all plants",""
"ui.plants.showMorePlants","Interface copy (plants screen). Keep it short and idiomatic — this appears on a button, label or heading with limited room, so match the English length where you can.",18,"Show more plants (",""
"ui.plants.more","Interface copy (plants screen). Keep it short and idiomatic — this appears on a button, label or heading with limited room, so match the English length where you can.",5,"more)",""
"ui.liveWeather.alert","Interface copy (liveWeather screen). Keep it short and idiomatic — this appears on a button, label or heading with limited room, so match the English length where you can.",8,"⚠️ Alert",""
"ui.liveWeather.smartActionsForToday","Interface copy (liveWeather screen). Keep it short and idiomatic — this appears on a button, label or heading with limited room, so match the English length where you can.",25,"⚡ Smart Actions for Today",""
"ui.liveWeather.tapOneToCheckIt","Interface copy (liveWeather screen). Keep it short and idiomatic — this appears on a button, label or heading with limited room, so match the English length where you can.",60,"Tap one to check it off — it disappears. Refreshes each day.",""
"ui.liveWeather.allDoneForToday","Interface copy (liveWeather screen). Keep it short and idiomatic — this appears on a button, label or heading with limited room, so match the English length where you can.",22,"🎉 All done for today!",""
"ui.liveWeather.freshActionsRefreshTomorrow","Interface copy (liveWeather screen). Keep it short and idiomatic — this appears on a button, label or heading with limited room, so match the English length where you can.",31,"Fresh actions refresh tomorrow.",""
"ui.frostOverride.frostfreeGrowingDays","Interface copy (frostOverride screen). Keep it short and idiomatic — this appears on a button, label or heading with limited room, so match the English length where you can.",23,"frost-free growing days",""
"ui.frostOverride.thatsAbout","Interface copy (frostOverride screen). Keep it short and idiomatic — this appears on a button, label or heading with limited room, so match the English length where you can.",12,"That's about",""
"ui.frostOverride.ofPrimePlantingInZone","Interface copy (frostOverride screen). Keep it short and idiomatic — this appears on a button, label or heading with limited room, so match the English length where you can.",25,"of prime planting in Zone",""
"ui.frostOverride.usingYourCustomDates","Interface copy (frostOverride screen). Keep it short and idiomatic — this appears on a button, label or heading with limited room, so match the English length where you can.",25,"✓ Using your custom dates",""
"ui.frostOverride.estimatedFromYourZone","Interface copy (frostOverride screen). Keep it short and idiomatic — this appears on a button, label or heading with limited room, so match the English length where you can.",27,"📍 Estimated from your zone",""
"ui.frostOverride.lastSpringFrost","Interface copy (frostOverride screen). Keep it short and idiomatic — this appears on a button, label or heading with limited room, so match the English length where you can.",17,"LAST SPRING FROST",""
"ui.frostOverride.safeToPlantOut","Interface copy (frostOverride screen). Keep it short and idiomatic — this appears on a button, label or heading with limited room, so match the English length where you can.",19,"Safe to plant out ✓",""
"ui.frostOverride.firstFallFrost","Interface copy (frostOverride screen). Keep it short and idiomatic — this appears on a button, label or heading with limited room, so match the English length where you can.",16,"FIRST FALL FROST",""
"ui.frostOverride.harvestByThen","Interface copy (frostOverride screen). Keep it short and idiomatic — this appears on a button, label or heading with limited room, so match the English length where you can.",18,"Harvest by then 🧺",""
"ui.frostOverride.yourGrowingSeason","Interface copy (frostOverride screen). Keep it short and idiomatic — this appears on a button, label or heading with limited room, so match the English length where you can.",22,"🌱 Your growing season",""
"ui.frostOverride.editMyFrostDates","Interface copy (frostOverride screen). Keep it short and idiomatic — this appears on a button, label or heading with limited room, so match the English length where you can.",22,"✏️ Edit my frost dates",""
"ui.frostOverride.dialInMyRealLocal","Interface copy (frostOverride screen). Keep it short and idiomatic — this appears on a button, label or heading with limited room, so match the English length where you can.",30,"🎯 Dial in my real local dates",""
"ui.frostOverride.knowYourRealLocalFrost","Interface copy (frostOverride screen). Keep it short and idiomatic — this appears on a button, label or heading with limited room, so match the English length where you can.",117,"Know your real local frost dates? Enter them as MM-DD to sharpen every seed-starting and frost-window tip in the app.",""
"ui.frostOverride.lastSpringFrostMmdd","Interface copy (frostOverride screen). Keep it short and idiomatic — this appears on a button, label or heading with limited room, so match the English length where you can.",25,"LAST SPRING FROST (MM-DD)",""
"ui.frostOverride.eg0315","Interface copy (frostOverride screen). Keep it short and idiomatic — this appears on a button, label or heading with limited room, so match the English length where you can.",10,"e.g. 03-15",""
"ui.frostOverride.firstFallFrostMmdd","Interface copy (frostOverride screen). Keep it short and idiomatic — this appears on a button, label or heading with limited room, so match the English length where you can.",24,"FIRST FALL FROST (MM-DD)",""
"ui.frostOverride.eg1115","Interface copy (frostOverride screen). Keep it short and idiomatic — this appears on a button, label or heading with limited room, so match the English length where you can.",10,"e.g. 11-15",""
"ui.frostOverride.useMmddFormatLike0315","Interface copy (frostOverride screen). Keep it short and idiomatic — this appears on a button, label or heading with limited room, so match the English length where you can.",29,"Use MM-DD format, like 03-15.",""
"ui.frostOverride.saveFrostDates","Interface copy (frostOverride screen). Keep it short and idiomatic — this appears on a button, label or heading with limited room, so match the English length where you can.",16,"Save frost dates",""
"ui.frostOverride.noFrostInMyArea","Interface copy (frostOverride screen). Keep it short and idiomatic — this appears on a button, label or heading with limited room, so match the English length where you can.",39,"🌵 No frost in my area — hide this card",""
"ui.gardenIntelligence.weekHigh","Interface copy (gardenIntelligence screen). Keep it short and idiomatic — this appears on a button, label or heading with limited room, so match the English length where you can.",9,"Week High",""
"ui.gardenIntelligence.weekLow","Interface copy (gardenIntelligence screen). Keep it short and idiomatic — this appears on a button, label or heading with limited room, so match the English length where you can.",8,"Week Low",""
"ui.gardenIntelligence.rainyDays","Interface copy (gardenIntelligence screen). Keep it short and idiomatic — this appears on a button, label or heading with limited room, so match the English length where you can.",10,"Rainy Days",""
"ui.gardenIntelligence.needWater","Interface copy (gardenIntelligence screen). Keep it short and idiomatic — this appears on a button, label or heading with limited room, so match the English length where you can.",10,"Need Water",""
"ui.gardenIntelligence.readyToHarvestToday","Interface copy (gardenIntelligence screen). Keep it short and idiomatic — this appears on a button, label or heading with limited room, so match the English length where you can.",23,"ready to harvest today!",""
"ui.gardenIntelligence.plantNowInZone","Interface copy (gardenIntelligence screen). Keep it short and idiomatic — this appears on a button, label or heading with limited room, so match the English length where you can.",20,"🌱 PLANT NOW IN ZONE",""
"ui.weatherTeaser.liveGardenWeather","Interface copy (weatherTeaser screen). Keep it short and idiomatic — this appears on a button, label or heading with limited room, so match the English length where you can.",23,"🌤️ LIVE GARDEN WEATHER",""
"ui.weatherTeaser.gardenWeather","Interface copy (weatherTeaser screen). Keep it short and idiomatic — this appears on a button, label or heading with limited room, so match the English length where you can.",14,"Garden Weather",""
"ui.weatherTeaser.smartWeatherIntelligenceForYour","Interface copy (weatherTeaser screen). Keep it short and idiomatic — this appears on a button, label or heading with limited room, so match the English length where you can.",44,"• Smart weather intelligence for your garden",""
"ui.weatherTeaser.unlockPremiumToSeeYour","Interface copy (weatherTeaser screen). Keep it short and idiomatic — this appears on a button, label or heading with limited room, so match the English length where you can.",51,"Unlock premium to see your personalized action plan",""
"ui.weatherTeaser.unlockPremiumWeatherIntelligence","Interface copy (weatherTeaser screen). Keep it short and idiomatic — this appears on a button, label or heading with limited room, so match the English length where you can.",38,"👑 Unlock Premium Weather Intelligence",""
"ui.weatherTeaser.n299monthCancelAnytime","Interface copy (weatherTeaser screen). Keep it short and idiomatic — this appears on a button, label or heading with limited room, so match the English length where you can.",28,"$2.99/month • Cancel anytime",""
"ui.weeklyAndTasks.weeklyRecap","Interface copy (weeklyAndTasks screen). Keep it short and idiomatic — this appears on a button, label or heading with limited room, so match the English length where you can.",12,"WEEKLY RECAP",""
"ui.weeklyAndTasks.yourGardenProgress","Interface copy (weeklyAndTasks screen). Keep it short and idiomatic — this appears on a button, label or heading with limited room, so match the English length where you can.",23,"Your Garden Progress 🌱",""
"ui.weeklyAndTasks.watered","Interface copy (weeklyAndTasks screen). Keep it short and idiomatic — this appears on a button, label or heading with limited room, so match the English length where you can.",11,"💧 Watered:",""
"ui.weeklyAndTasks.photos","Interface copy (weeklyAndTasks screen). Keep it short and idiomatic — this appears on a button, label or heading with limited room, so match the English length where you can.",10,"📸 Photos:",""
"ui.weeklyAndTasks.saved","Interface copy (weeklyAndTasks screen). Keep it short and idiomatic — this appears on a button, label or heading with limited room, so match the English length where you can.",9,"🪴 Saved:",""
"ui.weeklyAndTasks.xp","Interface copy (weeklyAndTasks screen). Keep it short and idiomatic — this appears on a button, label or heading with limited room, so match the English length where you can.",5,"⭐ XP:",""
"ui.weeklyAndTasks.currentStreak","Interface copy (weeklyAndTasks screen). Keep it short and idiomatic — this appears on a button, label or heading with limited room, so match the English length where you can.",18,"🔥 Current streak:",""
"ui.weeklyAndTasks.getStarted","Interface copy (weeklyAndTasks screen). Keep it short and idiomatic — this appears on a button, label or heading with limited room, so match the English length where you can.",11,"GET STARTED",""
"ui.weeklyAndTasks.startYourGardenStory","Interface copy (weeklyAndTasks screen). Keep it short and idiomatic — this appears on a button, label or heading with limited room, so match the English length where you can.",23,"Start your garden story",""
"ui.weeklyAndTasks.saveYourFirstPlantLog","Interface copy (weeklyAndTasks screen). Keep it short and idiomatic — this appears on a button, label or heading with limited room, so match the English length where you can.",95,"Save your first plant, log a photo, or mark something as watered — your recap will appear here.",""
"ui.weeklyAndTasks.waterAPlant","Interface copy (weeklyAndTasks screen). Keep it short and idiomatic — this appears on a button, label or heading with limited room, so match the English length where you can.",16,"💧 Water a plant",""
"ui.weeklyAndTasks.addAPhoto","Interface copy (weeklyAndTasks screen). Keep it short and idiomatic — this appears on a button, label or heading with limited room, so match the English length where you can.",14,"📸 Add a photo",""
"ui.weeklyAndTasks.saveAPlant","Interface copy (weeklyAndTasks screen). Keep it short and idiomatic — this appears on a button, label or heading with limited room, so match the English length where you can.",15,"🌱 Save a plant",""
"ui.weeklyAndTasks.smartTasks","Interface copy (weeklyAndTasks screen). Keep it short and idiomatic — this appears on a button, label or heading with limited room, so match the English length where you can.",11,"SMART TASKS",""
"ui.plantingCalendar.sowTransplantAndHarvestWindows","Interface copy (plantingCalendar screen). Keep it short and idiomatic — this appears on a button, label or heading with limited room, so match the English length where you can.",66,"Sow, transplant, and harvest windows for your saved plants in Zone",""
"ui.plantingCalendar.estimatedFromYourFrostDates","Interface copy (plantingCalendar screen). Keep it short and idiomatic — this appears on a button, label or heading with limited room, so match the English length where you can.",69,". Estimated from your frost dates — check seed packets for specifics.",""
"ui.plantingCalendar.addTheseToMyCalendar","Interface copy (plantingCalendar screen). Keep it short and idiomatic — this appears on a button, label or heading with limited room, so match the English length where you can.",27,"📅 Add these to my calendar",""
"ui.plantingCalendar.tight","Interface copy (plantingCalendar screen). Keep it short and idiomatic — this appears on a button, label or heading with limited room, so match the English length where you can.",8,"❄️ Tight",""
"ui.plantingCalendar.startIndoors","Interface copy (plantingCalendar screen). Keep it short and idiomatic — this appears on a button, label or heading with limited room, so match the English length where you can.",13,"Start indoors",""
"ui.plantingCalendar.directSow","Interface copy (plantingCalendar screen). Keep it short and idiomatic — this appears on a button, label or heading with limited room, so match the English length where you can.",10,"Direct sow",""
"ui.plantingCalendar.plantOut","Interface copy (plantingCalendar screen). Keep it short and idiomatic — this appears on a button, label or heading with limited room, so match the English length where you can.",9,"Plant out",""
"ui.plantingCalendar.showMorePlants","Interface copy (plantingCalendar screen). Keep it short and idiomatic — this appears on a button, label or heading with limited room, so match the English length where you can.",18,"Show more plants (",""
"ui.plantingCalendar.more","Interface copy (plantingCalendar screen). Keep it short and idiomatic — this appears on a button, label or heading with limited room, so match the English length where you can.",5,"more)",""
"ui.reminderControl.wateringReminders","Interface copy (reminderControl screen). Keep it short and idiomatic — this appears on a button, label or heading with limited room, so match the English length where you can.",18,"Watering Reminders",""
"ui.reminderControl.addDailyRemindersFromPlant","Interface copy (reminderControl screen). Keep it short and idiomatic — this appears on a button, label or heading with limited room, so match the English length where you can.",37,"Add daily reminders from plant pages.",""
"ui.reminderControl.frostAlerts","Interface copy (reminderControl screen). Keep it short and idiomatic — this appears on a button, label or heading with limited room, so match the English length where you can.",12,"Frost Alerts",""
"ui.reminderControl.eveningReminderToCheckOvernight","Interface copy (reminderControl screen). Keep it short and idiomatic — this appears on a button, label or heading with limited room, so match the English length where you can.",41,"Evening reminder to check overnight lows.",""
"ui.reminderControl.monthlyPlantingGuides","Interface copy (reminderControl screen). Keep it short and idiomatic — this appears on a button, label or heading with limited room, so match the English length where you can.",23,"Monthly Planting Guides",""
"ui.reminderControl.reminderOnThe1stOf","Interface copy (reminderControl screen). Keep it short and idiomatic — this appears on a button, label or heading with limited room, so match the English length where you can.",35,"Reminder on the 1st of every month.",""
"ui.reminderControl.dailyWateringCheck","Interface copy (reminderControl screen). Keep it short and idiomatic — this appears on a button, label or heading with limited room, so match the English length where you can.",20,"Daily Watering Check",""
"ui.reminderControl.morningReminderToCheckYour","Interface copy (reminderControl screen). Keep it short and idiomatic — this appears on a button, label or heading with limited room, so match the English length where you can.",38,"Morning reminder to check your garden.",""
"ui.reminderControl.plantOfTheDay","Interface copy (reminderControl screen). Keep it short and idiomatic — this appears on a button, label or heading with limited room, so match the English length where you can.",16,"Plant of the Day",""
"ui.reminderControl.dailyPlantPickEveryMorning","Interface copy (reminderControl screen). Keep it short and idiomatic — this appears on a button, label or heading with limited room, so match the English length where you can.",31,"Daily plant pick every morning.",""
"ui.reminderControl.changeDailyWateringReminderTime","Interface copy (reminderControl screen). Keep it short and idiomatic — this appears on a button, label or heading with limited room, so match the English length where you can.",35,"Change daily watering reminder time",""
"ui.reminderControl.reminderTime","Interface copy (reminderControl screen). Keep it short and idiomatic — this appears on a button, label or heading with limited room, so match the English length where you can.",15,"⏰ Reminder time",""
"ui.reminderControl.whenYourDailyWateringCheck","Interface copy (reminderControl screen). Keep it short and idiomatic — this appears on a button, label or heading with limited room, so match the English length where you can.",38,"When your daily watering check arrives",""
"ui.seedInventory.trackTheSeedsAndSupplies","Interface copy (seedInventory screen). Keep it short and idiomatic — this appears on a button, label or heading with limited room, so match the English length where you can.",112,"Track the seeds and supplies you already own so you never double-buy. Tap the flag to mark anything running low.",""
"ui.seedInventory.onHand","Interface copy (seedInventory screen). Keep it short and idiomatic — this appears on a button, label or heading with limited room, so match the English length where you can.",8,"on hand.",""
"ui.seedInventory.runningLowReorderBeforePlanting","Interface copy (seedInventory screen). Keep it short and idiomatic — this appears on a button, label or heading with limited room, so match the English length where you can.",45,"running low — reorder before planting season.",""
"ui.seedInventory.addAnItemYouOwn","Interface copy (seedInventory screen). Keep it short and idiomatic — this appears on a button, label or heading with limited room, so match the English length where you can.",20,"Add an item you own…",""
"ui.seedInventory.nothingAddedYetAddSeed","Interface copy (seedInventory screen). Keep it short and idiomatic — this appears on a button, label or heading with limited room, so match the English length where you can.",77,"Nothing added yet — add seed packets, compost, fertilizer, or tools you have.",""
"ui.seedInventory.reorder","Interface copy (seedInventory screen). Keep it short and idiomatic — this appears on a button, label or heading with limited room, so match the English length where you can.",10,"🛒 Reorder",""
"ui.seedInventory.markAsStocked","Interface copy (seedInventory screen). Keep it short and idiomatic — this appears on a button, label or heading with limited room, so match the English length where you can.",15,"Mark as stocked",""
"ui.seedInventory.markAsRunningLow","Interface copy (seedInventory screen). Keep it short and idiomatic — this appears on a button, label or heading with limited room, so match the English length where you can.",19,"Mark as running low",""
"ui.seedInventory.shopForMoreSeedsSupplies","Interface copy (seedInventory screen). Keep it short and idiomatic — this appears on a button, label or heading with limited room, so match the English length where you can.",33,"🛒 Shop for more seeds & supplies",""
"ui.gardenAreaManager.hideGardenMaps","Interface copy (gardenAreaManager screen). Keep it short and idiomatic — this appears on a button, label or heading with limited room, so match the English length where you can.",16,"Hide Garden Maps",""
"ui.gardenAreaManager.viewGardenMaps","Interface copy (gardenAreaManager screen). Keep it short and idiomatic — this appears on a button, label or heading with limited room, so match the English length where you can.",20,"🗂️ View Garden Maps",""
"ui.gardenAreaManager.hangingPlanter","Interface copy (gardenAreaManager screen). Keep it short and idiomatic — this appears on a button, label or heading with limited room, so match the English length where you can.",15,"Hanging Planter",""
"ui.gardenAreaManager.hangingPlanter1Plant","Interface copy (gardenAreaManager screen). Keep it short and idiomatic — this appears on a button, label or heading with limited room, so match the English length where you can.",27,"+ Hanging Planter (1 plant)",""
"ui.gardenAreaManager.howManyPlants","Interface copy (gardenAreaManager screen). Keep it short and idiomatic — this appears on a button, label or heading with limited room, so match the English length where you can.",18,"HOW MANY PLANTS? (",""
"ui.gardenAreaManager.addA","Interface copy (gardenAreaManager screen). Keep it short and idiomatic — this appears on a button, label or heading with limited room, so match the English length where you can.",7,"+ Add a",""
"ui.gardenAreaManager.plantBed","Interface copy (gardenAreaManager screen). Keep it short and idiomatic — this appears on a button, label or heading with limited room, so match the English length where you can.",10,"-plant bed",""
"ui.gardenAreaManager.newName","Interface copy (gardenAreaManager screen). Keep it short and idiomatic — this appears on a button, label or heading with limited room, so match the English length where you can.",8,"New name",""
"ui.gardenAreaManager.fullSun","Interface copy (gardenAreaManager screen). Keep it short and idiomatic — this appears on a button, label or heading with limited room, so match the English length where you can.",11,"☀️ Full sun",""
"ui.gardenAreaManager.partial","Interface copy (gardenAreaManager screen). Keep it short and idiomatic — this appears on a button, label or heading with limited room, so match the English length where you can.",9,"⛅ Partial",""
"ui.gardenAreaManager.shade","Interface copy (gardenAreaManager screen). Keep it short and idiomatic — this appears on a button, label or heading with limited room, so match the English length where you can.",9,"🌥️ Shade",""
"ui.pestDetailScreen.gardenPestMostActive","Interface copy (pestDetailScreen screen). Keep it short and idiomatic — this appears on a button, label or heading with limited room, so match the English length where you can.",25,"Garden pest · Most active",""
"ui.pestDetailScreen.whatItIs","Interface copy (pestDetailScreen screen). Keep it short and idiomatic — this appears on a button, label or heading with limited room, so match the English length where you can.",10,"WHAT IT IS",""
"ui.pestDetailScreen.whatToLookFor","Interface copy (pestDetailScreen screen). Keep it short and idiomatic — this appears on a button, label or heading with limited room, so match the English length where you can.",16,"WHAT TO LOOK FOR",""
"ui.pestDetailScreen.damageItCauses","Interface copy (pestDetailScreen screen). Keep it short and idiomatic — this appears on a button, label or heading with limited room, so match the English length where you can.",16,"DAMAGE IT CAUSES",""
"ui.pestDetailScreen.howToPreventIt","Interface copy (pestDetailScreen screen). Keep it short and idiomatic — this appears on a button, label or heading with limited room, so match the English length where you can.",17,"HOW TO PREVENT IT",""
"ui.pestDetailScreen.howToTreatIt","Interface copy (pestDetailScreen screen). Keep it short and idiomatic — this appears on a button, label or heading with limited room, so match the English length where you can.",15,"HOW TO TREAT IT",""
"ui.pestDetailScreen.plantsAtRisk","Interface copy (pestDetailScreen screen). Keep it short and idiomatic — this appears on a button, label or heading with limited room, so match the English length where you can.",17,"🌱 PLANTS AT RISK",""
"ui.pestDetailScreen.inYourGardenTheseCould","Interface copy (pestDetailScreen screen). Keep it short and idiomatic — this appears on a button, label or heading with limited room, so match the English length where you can.",54,"In your garden, these could be targeted — tap to open:",""
"ui.pestDetailScreen.commonlyTargets","Interface copy (pestDetailScreen screen). Keep it short and idiomatic — this appears on a button, label or heading with limited room, so match the English length where you can.",17,"Commonly targets:",""
"ui.pestDetailScreen.whenItsActive","Interface copy (pestDetailScreen screen). Keep it short and idiomatic — this appears on a button, label or heading with limited room, so match the English length where you can.",19,"📅 WHEN IT'S ACTIVE",""
"ui.pestDetailScreen.peakActivity","Interface copy (pestDetailScreen screen). Keep it short and idiomatic — this appears on a button, label or heading with limited room, so match the English length where you can.",14,"Peak activity:",""
"ui.pestDetailScreen.warmerZonesOftenSeeA","Interface copy (pestDetailScreen screen). Keep it short and idiomatic — this appears on a button, label or heading with limited room, so match the English length where you can.",41,". Warmer zones often see a longer season.",""
"ui.pestDetailScreen.backToPestWatch","Interface copy (pestDetailScreen screen). Keep it short and idiomatic — this appears on a button, label or heading with limited room, so match the English length where you can.",18,"Back to Pest Watch",""
"ui.forecast.bestPlantingDay","Interface copy (forecast screen). Keep it short and idiomatic — this appears on a button, label or heading with limited room, so match the English length where you can.",23,"• 🌱 Best planting day:",""
"ui.forecast.weekHigh","Interface copy (forecast screen). Keep it short and idiomatic — this appears on a button, label or heading with limited room, so match the English length where you can.",9,"Week High",""
"ui.forecast.weekLow","Interface copy (forecast screen). Keep it short and idiomatic — this appears on a button, label or heading with limited room, so match the English length where you can.",8,"Week Low",""
"ui.forecast.rainyDays","Interface copy (forecast screen). Keep it short and idiomatic — this appears on a button, label or heading with limited room, so match the English length where you can.",10,"Rainy Days",""
"ui.forecast.bestDay","Interface copy (forecast screen). Keep it short and idiomatic — this appears on a button, label or heading with limited room, so match the English length where you can.",8,"Best Day",""
"ui.gardenStory.myPocketPlanterGarden","Interface copy (gardenStory screen). Keep it short and idiomatic — this appears on a button, label or heading with limited room, so match the English length where you can.",27,"🌱 MY POCKET PLANTER GARDEN",""
"ui.gardenStory.yourMvpPlant","Interface copy (gardenStory screen). Keep it short and idiomatic — this appears on a button, label or heading with limited room, so match the English length where you can.",14,"YOUR MVP PLANT",""
"ui.gardenStory.yourMostharvestedPlant","Interface copy (gardenStory screen). Keep it short and idiomatic — this appears on a button, label or heading with limited room, so match the English length where you can.",25,"Your most-harvested plant",""
"ui.gardenStory.growingAcross","Interface copy (gardenStory screen). Keep it short and idiomatic — this appears on a button, label or heading with limited room, so match the English length where you can.",18,"🗂️ Growing across",""
"ui.gardenStory.gardenArea","Interface copy (gardenStory screen). Keep it short and idiomatic — this appears on a button, label or heading with limited room, so match the English length where you can.",11,"garden area",""
"ui.gardenStory.growingSmarterWithPocketPlanter","Interface copy (gardenStory screen). Keep it short and idiomatic — this appears on a button, label or heading with limited room, so match the English length where you can.",38,"Growing smarter with Pocket Planter 🌿",""
"ui.gardenStory.shareAsImage","Interface copy (gardenStory screen). Keep it short and idiomatic — this appears on a button, label or heading with limited room, so match the English length where you can.",17,"📸 Share as Image",""
"ui.gardenStory.shareAsText","Interface copy (gardenStory screen). Keep it short and idiomatic — this appears on a button, label or heading with limited room, so match the English length where you can.",16,"📤 Share as Text",""
"ui.waterUsage.galThisWeek","Interface copy (waterUsage screen). Keep it short and idiomatic — this appears on a button, label or heading with limited room, so match the English length where you can.",13,"gal this week",""
"ui.waterUsage.galAlltime","Interface copy (waterUsage screen). Keep it short and idiomatic — this appears on a button, label or heading with limited room, so match the English length where you can.",12,"gal all-time",""
"ui.waterUsage.thirstiest","Interface copy (waterUsage screen). Keep it short and idiomatic — this appears on a button, label or heading with limited room, so match the English length where you can.",14,"💧 Thirstiest:",""
"ui.waterUsage.gal","Interface copy (waterUsage screen). Keep it short and idiomatic — this appears on a button, label or heading with limited room, so match the English length where you can.",4,"gal)",""
"ui.waterUsage.whichPlant","Interface copy (waterUsage screen). Keep it short and idiomatic — this appears on a button, label or heading with limited room, so match the English length where you can.",12,"WHICH PLANT?",""
"ui.waterUsage.wholeGarden","Interface copy (waterUsage screen). Keep it short and idiomatic — this appears on a button, label or heading with limited room, so match the English length where you can.",15,"🌍 Whole Garden",""
"ui.waterUsage.howMuch","Interface copy (waterUsage screen). Keep it short and idiomatic — this appears on a button, label or heading with limited room, so match the English length where you can.",9,"HOW MUCH?",""
"ui.waterUsage.eg2","Interface copy (waterUsage screen). Keep it short and idiomatic — this appears on a button, label or heading with limited room, so match the English length where you can.",6,"e.g. 2",""
"ui.waterUsage.logWatering","Interface copy (waterUsage screen). Keep it short and idiomatic — this appears on a button, label or heading with limited room, so match the English length where you can.",15,"💧 Log Watering",""
"ui.waterUsage.logAWateringAmount","Interface copy (waterUsage screen). Keep it short and idiomatic — this appears on a button, label or heading with limited room, so match the English length where you can.",23,"＋ Log a Watering Amount",""
"ui.profile.gardenerProfile","Interface copy (profile screen). Keep it short and idiomatic — this appears on a button, label or heading with limited room, so match the English length where you can.",16,"Gardener Profile",""
"ui.profile.unlockYourFullGardenerProfile","Interface copy (profile screen). Keep it short and idiomatic — this appears on a button, label or heading with limited room, so match the English length where you can.",113,"Unlock your full gardener profile, XP progression, level-up rewards, achievement badges, and collectible banners.",""
"ui.profile.gardenerProfile2","Interface copy (profile screen). Keep it short and idiomatic — this appears on a button, label or heading with limited room, so match the English length where you can.",22,"🧑‍🌾 Gardener Profile",""
"ui.profile.achievementsEarned","Interface copy (profile screen). Keep it short and idiomatic — this appears on a button, label or heading with limited room, so match the English length where you can.",19,"Achievements Earned",""
"ui.profile.bannersEarned","Interface copy (profile screen). Keep it short and idiomatic — this appears on a button, label or heading with limited room, so match the English length where you can.",14,"Banners Earned",""
"ui.profile.dailyQuests","Interface copy (profile screen). Keep it short and idiomatic — this appears on a button, label or heading with limited room, so match the English length where you can.",14,"⚡ Daily Quests",""
"ui.profile.seasonalChallenges","Interface copy (profile screen). Keep it short and idiomatic — this appears on a button, label or heading with limited room, so match the English length where you can.",22,"🎯 Seasonal Challenges",""
"ui.profile.gardenStory","Interface copy (profile screen). Keep it short and idiomatic — this appears on a button, label or heading with limited room, so match the English length where you can.",15,"📖 Garden Story",""
"ui.profile.yourStory","Interface copy (profile screen). Keep it short and idiomatic — this appears on a button, label or heading with limited room, so match the English length where you can.",13,"📖 YOUR STORY",""
"ui.profile.gardenRoiBudget","Interface copy (profile screen). Keep it short and idiomatic — this appears on a button, label or heading with limited room, so match the English length where you can.",22,"💰 Garden ROI & Budget",""
"ui.profile.gardenRoi","Interface copy (profile screen). Keep it short and idiomatic — this appears on a button, label or heading with limited room, so match the English length where you can.",13,"💰 GARDEN ROI",""
"ui.profile.gardenBudget","Interface copy (profile screen). Keep it short and idiomatic — this appears on a button, label or heading with limited room, so match the English length where you can.",16,"💵 GARDEN BUDGET",""
"ui.weather.liveGardenWeather","Interface copy (weather screen). Keep it short and idiomatic — this appears on a button, label or heading with limited room, so match the English length where you can.",23,"🌤️ Live Garden Weather",""
"ui.weather.gardenWeatherThisWeek","Interface copy (weather screen). Keep it short and idiomatic — this appears on a button, label or heading with limited room, so match the English length where you can.",28,"🌤️ Garden Weather This Week",""
"ui.weather.closeWeeklyForecast","Interface copy (weather screen). Keep it short and idiomatic — this appears on a button, label or heading with limited room, so match the English length where you can.",23,"✕ Close Weekly Forecast",""
"ui.weather.gardenIntelligence","Interface copy (weather screen). Keep it short and idiomatic — this appears on a button, label or heading with limited room, so match the English length where you can.",22,"🧠 Garden Intelligence",""
"ui.weather.closeGardenIntelligence","Interface copy (weather screen). Keep it short and idiomatic — this appears on a button, label or heading with limited room, so match the English length where you can.",27,"✕ Close Garden Intelligence",""
"ui.weather.wateringInsights","Interface copy (weather screen). Keep it short and idiomatic — this appears on a button, label or heading with limited room, so match the English length where you can.",20,"💧 Watering Insights",""
"ui.weather.schedule","Interface copy (weather screen). Keep it short and idiomatic — this appears on a button, label or heading with limited room, so match the English length where you can.",12,"🗓️ Schedule",""
"ui.weather.rainfall","Interface copy (weather screen). Keep it short and idiomatic — this appears on a button, label or heading with limited room, so match the English length where you can.",12,"🌧️ Rainfall",""
"ui.weather.usage","Interface copy (weather screen). Keep it short and idiomatic — this appears on a button, label or heading with limited room, so match the English length where you can.",8,"🚿 Usage",""
"ui.weather.n7day","Interface copy (weather screen). Keep it short and idiomatic — this appears on a button, label or heading with limited room, so match the English length where you can.",9,"🌤️ 7-Day",""
"ui.achievement.secretAchievementUnlocked","Interface copy (achievement screen). Keep it short and idiomatic — this appears on a button, label or heading with limited room, so match the English length where you can.",27,"SECRET ACHIEVEMENT UNLOCKED",""
"ui.achievement.theGardenGnome","Interface copy (achievement screen). Keep it short and idiomatic — this appears on a button, label or heading with limited room, so match the English length where you can.",16,"The Garden Gnome",""
"ui.achievement.youveMasteredEveryCornerOf","Interface copy (achievement screen). Keep it short and idiomatic — this appears on a button, label or heading with limited room, so match the English length where you can.",130,"You've mastered every corner of Pocket Planter. Every plant saved, every photo logged, every quest completed, every level climbed.",""
"ui.achievement.youAreATrueGarden","Interface copy (achievement screen). Keep it short and idiomatic — this appears on a button, label or heading with limited room, so match the English length where you can.",31,"You are a true Garden Gnome. 🌟",""
"ui.achievement.oneOfTheGreatestGardeners","Interface copy (achievement screen). Keep it short and idiomatic — this appears on a button, label or heading with limited room, so match the English length where you can.",41,"🏆 One of the greatest gardeners alive!!!",""
"ui.achievement.tapAnywhereToClose","Interface copy (achievement screen). Keep it short and idiomatic — this appears on a button, label or heading with limited room, so match the English length where you can.",21,"Tap anywhere to close",""
"ui.achievement.earned","Interface copy (achievement screen). Keep it short and idiomatic — this appears on a button, label or heading with limited room, so match the English length where you can.",9,"🏆 Earned",""
"ui.achievement.noAchievementsYetKeepGrowing","Interface copy (achievement screen). Keep it short and idiomatic — this appears on a button, label or heading with limited room, so match the English length where you can.",68,"No achievements yet — keep growing and you'll earn badges as you go.",""
"ui.achievement.showMoreBadges","Interface copy (achievement screen). Keep it short and idiomatic — this appears on a button, label or heading with limited room, so match the English length where you can.",18,"Show more badges (",""
"ui.achievement.more","Interface copy (achievement screen). Keep it short and idiomatic — this appears on a button, label or heading with limited room, so match the English length where you can.",5,"more)",""
"ui.adaptiveWatering.waterYourPlantsAFew","Interface copy (adaptiveWatering screen). Keep it short and idiomatic — this appears on a button, label or heading with limited room, so match the English length where you can.",117,"Water your plants a few times and Pocket Planter will learn each one's rhythm and build a personalized schedule here.",""
"ui.adaptiveWatering.aScheduleThatAdaptsTo","Interface copy (adaptiveWatering screen). Keep it short and idiomatic — this appears on a button, label or heading with limited room, so match the English length where you can.",31,"A schedule that adapts to you —",""
"ui.adaptiveWatering.startingFromTypicalNeeds","Interface copy (adaptiveWatering screen). Keep it short and idiomatic — this appears on a button, label or heading with limited room, so match the English length where you can.",27,"starting from typical needs",""
"ui.adaptiveWatering.thenAdjustedForTheWeather","Interface copy (adaptiveWatering screen). Keep it short and idiomatic — this appears on a button, label or heading with limited room, so match the English length where you can.",32,", then adjusted for the weather.",""
"ui.adaptiveWatering.every","Interface copy (adaptiveWatering screen). Keep it short and idiomatic — this appears on a button, label or heading with limited room, so match the English length where you can.",7,"Every ~",""
"ui.adaptiveWatering.learnedFromYou","Interface copy (adaptiveWatering screen). Keep it short and idiomatic — this appears on a button, label or heading with limited room, so match the English length where you can.",21,"· 🧠 learned from you",""
"ui.adaptiveWatering.typical","Interface copy (adaptiveWatering screen). Keep it short and idiomatic — this appears on a button, label or heading with limited room, so match the English length where you can.",9,"· typical",""
"ui.adaptiveWatering.dueNow","Interface copy (adaptiveWatering screen). Keep it short and idiomatic — this appears on a button, label or heading with limited room, so match the English length where you can.",7,"Due now",""
"ui.adaptiveWatering.checkSoil","Interface copy (adaptiveWatering screen). Keep it short and idiomatic — this appears on a button, label or heading with limited room, so match the English length where you can.",14,"🌧️ check soil",""
"ui.adaptiveWatering.showMorePlants","Interface copy (adaptiveWatering screen). Keep it short and idiomatic — this appears on a button, label or heading with limited room, so match the English length where you can.",18,"Show more plants (",""
"ui.adaptiveWatering.more","Interface copy (adaptiveWatering screen). Keep it short and idiomatic — this appears on a button, label or heading with limited room, so match the English length where you can.",5,"more)",""
"ui.adaptiveWatering.intervalLearnedFromYourWatering","Interface copy (adaptiveWatering screen). Keep it short and idiomatic — this appears on a button, label or heading with limited room, so match the English length where you can.",91,"🧠 = interval learned from your watering history · intervals tighten automatically in heat.",""
"ui.dataExport.export","Interface copy (dataExport screen). Keep it short and idiomatic — this appears on a button, label or heading with limited room, so match the English length where you can.",8,"Export ›",""
"ui.gardenShoppingList.plantedAcrossYourGardenRestock","Interface copy (gardenShoppingList screen). Keep it short and idiomatic — this appears on a button, label or heading with limited room, so match the English length where you can.",60,"planted across your garden — restock seeds or feed in a tap.",""
"ui.gardenShoppingList.seeds","Interface copy (gardenShoppingList screen). Keep it short and idiomatic — this appears on a button, label or heading with limited room, so match the English length where you can.",8,"🌱 Seeds",""
"ui.gardenShoppingList.feed","Interface copy (gardenShoppingList screen). Keep it short and idiomatic — this appears on a button, label or heading with limited room, so match the English length where you can.",7,"🌾 Feed",""
"ui.gardenShoppingList.showMorePlants","Interface copy (gardenShoppingList screen). Keep it short and idiomatic — this appears on a button, label or heading with limited room, so match the English length where you can.",18,"Show more plants (",""
"ui.gardenShoppingList.more","Interface copy (gardenShoppingList screen). Keep it short and idiomatic — this appears on a button, label or heading with limited room, so match the English length where you can.",5,"more)",""
"ui.gardenShoppingList.dontForgetTheBasicsCompost","Interface copy (gardenShoppingList screen). Keep it short and idiomatic — this appears on a button, label or heading with limited room, so match the English length where you can.",85,"🧺 Don't forget the basics: compost or potting mix, a balanced fertilizer, and mulch.",""
"ui.gardenShoppingList.shareCopyList","Interface copy (gardenShoppingList screen). Keep it short and idiomatic — this appears on a button, label or heading with limited room, so match the English length where you can.",20,"📤 Share / Copy List",""
"ui.globalSearchModal.searchPlantsPestsJournal","Interface copy (globalSearchModal screen). Keep it short and idiomatic — this appears on a button, label or heading with limited room, so match the English length where you can.",30,"Search plants, pests, journal…",""
"ui.globalSearchModal.searchAcrossYourPlantsPest","Interface copy (globalSearchModal screen). Keep it short and idiomatic — this appears on a button, label or heading with limited room, so match the English length where you can.",52,"Search across your plants, pest guides, and journal.",""
"ui.globalSearchModal.nothingMatches","Interface copy (globalSearchModal screen). Keep it short and idiomatic — this appears on a button, label or heading with limited room, so match the English length where you can.",17,"Nothing matches “",""
"ui.globalSearchModal.tryADifferentWord","Interface copy (globalSearchModal screen). Keep it short and idiomatic — this appears on a button, label or heading with limited room, so match the English length where you can.",24,"”. Try a different word.",""
"ui.globalSearchModal.plants","Interface copy (globalSearchModal screen). Keep it short and idiomatic — this appears on a button, label or heading with limited room, so match the English length where you can.",9,"🌱 PLANTS",""
"ui.globalSearchModal.inYourGarden","Interface copy (globalSearchModal screen). Keep it short and idiomatic — this appears on a button, label or heading with limited room, so match the English length where you can.",16,"✓ In your garden",""
"ui.globalSearchModal.tapToOpen","Interface copy (globalSearchModal screen). Keep it short and idiomatic — this appears on a button, label or heading with limited room, so match the English length where you can.",11,"Tap to open",""
"ui.globalSearchModal.pests","Interface copy (globalSearchModal screen). Keep it short and idiomatic — this appears on a button, label or heading with limited room, so match the English length where you can.",8,"🐛 PESTS",""
"ui.globalSearchModal.openPestGuide","Interface copy (globalSearchModal screen). Keep it short and idiomatic — this appears on a button, label or heading with limited room, so match the English length where you can.",15,"Open pest guide",""
"ui.globalSearchModal.journal","Interface copy (globalSearchModal screen). Keep it short and idiomatic — this appears on a button, label or heading with limited room, so match the English length where you can.",10,"📸 JOURNAL",""
"ui.globalSearchModal.gardenUpdate","Interface copy (globalSearchModal screen). Keep it short and idiomatic — this appears on a button, label or heading with limited room, so match the English length where you can.",13,"Garden Update",""
"ui.premiumIntro.pocketPlanterPremium","Interface copy (premiumIntro screen). Keep it short and idiomatic — this appears on a button, label or heading with limited room, so match the English length where you can.",25,"👑 Pocket Planter Premium",""
"ui.premiumIntro.turnYourBackyardIntoA","Interface copy (premiumIntro screen). Keep it short and idiomatic — this appears on a button, label or heading with limited room, so match the English length where you can.",25,"Turn your backyard into a",""
"ui.premiumIntro.thrivingGarden","Interface copy (premiumIntro screen). Keep it short and idiomatic — this appears on a button, label or heading with limited room, so match the English length where you can.",16,"thriving garden.",""
"ui.premiumIntro.unlockCompanionPlantingIntelligenceSmart","Interface copy (premiumIntro screen). Keep it short and idiomatic — this appears on a button, label or heading with limited room, so match the English length where you can.",146,"Unlock companion planting intelligence, smart weather alerts, garden compatibility scoring, reminders, journal photos, and a beautiful garden map.",""
"ui.premiumIntro.pairScores","Interface copy (premiumIntro screen). Keep it short and idiomatic — this appears on a button, label or heading with limited room, so match the English length where you can.",14,"🟢 Pair scores",""
"ui.premiumIntro.avoidWarnings","Interface copy (premiumIntro screen). Keep it short and idiomatic — this appears on a button, label or heading with limited room, so match the English length where you can.",16,"⚠ Avoid warnings",""
"ui.premiumIntro.pestTips","Interface copy (premiumIntro screen). Keep it short and idiomatic — this appears on a button, label or heading with limited room, so match the English length where you can.",12,"🐛 Pest tips",""
"ui.premiumIntro.gardenScore","Interface copy (premiumIntro screen). Keep it short and idiomatic — this appears on a button, label or heading with limited room, so match the English length where you can.",16,"🗺️ Garden score",""
"ui.premiumIntro.startGrowingSmarter","Interface copy (premiumIntro screen). Keep it short and idiomatic — this appears on a button, label or heading with limited room, so match the English length where you can.",24,"Start Growing Smarter 🌱",""
"ui.premiumIntro.maybeLater","Interface copy (premiumIntro screen). Keep it short and idiomatic — this appears on a button, label or heading with limited room, so match the English length where you can.",11,"Maybe later",""
"ui.premiumIntro.n299monthOr2499yearCancelAnytime","Interface copy (premiumIntro screen). Keep it short and idiomatic — this appears on a button, label or heading with limited room, so match the English length where you can.",47,"🛡️ $2.99/month or $24.99/year • Cancel anytime",""
"ui.bedPlanner.saveAFewPlantsFirst","Interface copy (bedPlanner screen). Keep it short and idiomatic — this appears on a button, label or heading with limited room, so match the English length where you can.",102,"Save a few plants first, then this calculator will tell you how many of each fit in a bed of any size.",""
"ui.bedPlanner.enterYourBedSizeAnd","Interface copy (bedPlanner screen). Keep it short and idiomatic — this appears on a button, label or heading with limited room, so match the English length where you can.",84,"Enter your bed size and pick a plant to see how many fit at the recommended spacing.",""
"ui.bedPlanner.widthFt","Interface copy (bedPlanner screen). Keep it short and idiomatic — this appears on a button, label or heading with limited room, so match the English length where you can.",10,"Width (ft)",""
"ui.bedPlanner.lengthFt","Interface copy (bedPlanner screen). Keep it short and idiomatic — this appears on a button, label or heading with limited room, so match the English length where you can.",11,"Length (ft)",""
"ui.bedPlanner.plantsFit","Interface copy (bedPlanner screen). Keep it short and idiomatic — this appears on a button, label or heading with limited room, so match the English length where you can.",10,"plants fit",""
"ui.bedPlanner.rows","Interface copy (bedPlanner screen). Keep it short and idiomatic — this appears on a button, label or heading with limited room, so match the English length where you can.",6,"rows ×",""
"ui.bedPlanner.perRow","Interface copy (bedPlanner screen). Keep it short and idiomatic — this appears on a button, label or heading with limited room, so match the English length where you can.",11,"per row · ~",""
"ui.bedPlanner.spacingInA","Interface copy (bedPlanner screen). Keep it short and idiomatic — this appears on a button, label or heading with limited room, so match the English length where you can.",14,""" spacing in a",""
"ui.bedPlanner.ftBed","Interface copy (bedPlanner screen). Keep it short and idiomatic — this appears on a button, label or heading with limited room, so match the English length where you can.",6,"ft bed",""
"ui.bedPlanner.enterAValidBedSize","Interface copy (bedPlanner screen). Keep it short and idiomatic — this appears on a button, label or heading with limited room, so match the English length where you can.",36,"Enter a valid bed size to calculate.",""
"ui.gardenROI.netSavings","Interface copy (gardenROI screen). Keep it short and idiomatic — this appears on a button, label or heading with limited room, so match the English length where you can.",11,"NET SAVINGS",""
"ui.gardenROI.netSoFar","Interface copy (gardenROI screen). Keep it short and idiomatic — this appears on a button, label or heading with limited room, so match the English length where you can.",10,"NET SO FAR",""
"ui.gardenROI.forEvery1SpentYou","Interface copy (gardenROI screen). Keep it short and idiomatic — this appears on a button, label or heading with limited room, so match the English length where you can.",31,"For every $1 spent, you grew ~$",""
"ui.gardenROI.ofProduce","Interface copy (gardenROI screen). Keep it short and idiomatic — this appears on a button, label or heading with limited room, so match the English length where you can.",10,"of produce",""
"ui.gardenROI.yourTopEarner","Interface copy (gardenROI screen). Keep it short and idiomatic — this appears on a button, label or heading with limited room, so match the English length where you can.",19,"🏆 Your top earner:",""
"ui.gardenROI.eg45","Interface copy (gardenROI screen). Keep it short and idiomatic — this appears on a button, label or heading with limited room, so match the English length where you can.",7,"e.g. 45",""
"ui.gardenROI.updateSuppliesSpent","Interface copy (gardenROI screen). Keep it short and idiomatic — this appears on a button, label or heading with limited room, so match the English length where you can.",24,"✏️ Update supplies spent",""
"ui.gardenROI.addWhatYouveSpent","Interface copy (gardenROI screen). Keep it short and idiomatic — this appears on a button, label or heading with limited room, so match the English length where you can.",23,"＋ Add what you've spent",""
"ui.harvestGoal.eg20","Interface copy (harvestGoal screen). Keep it short and idiomatic — this appears on a button, label or heading with limited room, so match the English length where you can.",7,"e.g. 20",""
"ui.harvestGoal.goalReached","Interface copy (harvestGoal screen). Keep it short and idiomatic — this appears on a button, label or heading with limited room, so match the English length where you can.",16,"Goal Reached! 🎉",""
"ui.harvestGoal.yourSeasonGoal","Interface copy (harvestGoal screen). Keep it short and idiomatic — this appears on a button, label or heading with limited room, so match the English length where you can.",16,"Your Season Goal",""
"ui.harvestGoal.complete","Interface copy (harvestGoal screen). Keep it short and idiomatic — this appears on a button, label or heading with limited room, so match the English length where you can.",10,"% complete",""
"ui.harvestGoal.setANewGoal","Interface copy (harvestGoal screen). Keep it short and idiomatic — this appears on a button, label or heading with limited room, so match the English length where you can.",14,"Set a new goal",""
"ui.harvestGoal.changeGoal","Interface copy (harvestGoal screen). Keep it short and idiomatic — this appears on a button, label or heading with limited room, so match the English length where you can.",11,"Change goal",""
"ui.profileBanners.noBannersYetKeepGrowing","Interface copy (profileBanners screen). Keep it short and idiomatic — this appears on a button, label or heading with limited room, so match the English length where you can.",77,"No banners yet — keep growing to unlock collectible banners for your profile.",""
"ui.profileBanners.noBannersYet","Interface copy (profileBanners screen). Keep it short and idiomatic — this appears on a button, label or heading with limited room, so match the English length where you can.",14,"No banners yet",""
"ui.profileBanners.levelUpSavePlantsLog","Interface copy (profileBanners screen). Keep it short and idiomatic — this appears on a button, label or heading with limited room, so match the English length where you can.",98,"Level up, save plants, log photos, and build streaks — each banner pops up the moment you earn it.",""
"ui.profileBanners.active","Interface copy (profileBanners screen). Keep it short and idiomatic — this appears on a button, label or heading with limited room, so match the English length where you can.",8,", active",""
"ui.profileBanners.tapToSetActive","Interface copy (profileBanners screen). Keep it short and idiomatic — this appears on a button, label or heading with limited room, so match the English length where you can.",19,", tap to set active",""
"ui.profileBanners.earned","Interface copy (profileBanners screen). Keep it short and idiomatic — this appears on a button, label or heading with limited room, so match the English length where you can.",9,"🎏 Earned",""
"ui.profileBanners.active2","Interface copy (profileBanners screen). Keep it short and idiomatic — this appears on a button, label or heading with limited room, so match the English length where you can.",8,"✓ Active",""
"ui.profileBanners.set","Interface copy (profileBanners screen). Keep it short and idiomatic — this appears on a button, label or heading with limited room, so match the English length where you can.",5,"Set →",""
"ui.profileBanners.showMoreBanners","Interface copy (profileBanners screen). Keep it short and idiomatic — this appears on a button, label or heading with limited room, so match the English length where you can.",19,"Show more banners (",""
"ui.profileBanners.more","Interface copy (profileBanners screen). Keep it short and idiomatic — this appears on a button, label or heading with limited room, so match the English length where you can.",5,"more)",""
"ui.profileBanners.removeActiveBanner","Interface copy (profileBanners screen). Keep it short and idiomatic — this appears on a button, label or heading with limited room, so match the English length where you can.",20,"Remove active banner",""
"ui.seasonTransition.seasonChangeAhead","Interface copy (seasonTransition screen). Keep it short and idiomatic — this appears on a button, label or heading with limited room, so match the English length where you can.",19,"SEASON CHANGE AHEAD",""
"ui.seasonTransition.startsIn","Interface copy (seasonTransition screen). Keep it short and idiomatic — this appears on a button, label or heading with limited room, so match the English length where you can.",9,"starts in",""
"ui.seasonTransition.isWindingDownGetA","Interface copy (seasonTransition screen). Keep it short and idiomatic — this appears on a button, label or heading with limited room, so match the English length where you can.",36,"is winding down. Get a head start on",""
"ui.seasonTransition.heresWhatDoesWellIn","Interface copy (seasonTransition screen). Keep it short and idiomatic — this appears on a button, label or heading with limited room, so match the English length where you can.",31,"— here's what does well in Zone",""
"ui.seasonTransition.asItOpens","Interface copy (seasonTransition screen). Keep it short and idiomatic — this appears on a button, label or heading with limited room, so match the English length where you can.",12,"as it opens.",""
"ui.seasonTransition.noStandout","Interface copy (seasonTransition screen). Keep it short and idiomatic — this appears on a button, label or heading with limited room, so match the English length where you can.",11,"No standout",""
"ui.seasonTransition.picksMatchedToZone","Interface copy (seasonTransition screen). Keep it short and idiomatic — this appears on a button, label or heading with limited room, so match the English length where you can.",21,"picks matched to Zone",""
"ui.seasonTransition.yetBrowseAllPlantsTo","Interface copy (seasonTransition screen). Keep it short and idiomatic — this appears on a button, label or heading with limited room, so match the English length where you can.",38,"yet — browse all plants to plan ahead.",""
"ui.seasonTransition.planMy","Interface copy (seasonTransition screen). Keep it short and idiomatic — this appears on a button, label or heading with limited room, so match the English length where you can.",7,"Plan my",""
"ui.seasonTransition.garden","Interface copy (seasonTransition screen). Keep it short and idiomatic — this appears on a button, label or heading with limited room, so match the English length where you can.",9,"garden 🌿",""
"ui.weatherTask.smartTasks","Interface copy (weatherTask screen). Keep it short and idiomatic — this appears on a button, label or heading with limited room, so match the English length where you can.",11,"SMART TASKS",""
"ui.weatherTask.weatherbasedTasks","Interface copy (weatherTask screen). Keep it short and idiomatic — this appears on a button, label or heading with limited room, so match the English length where you can.",19,"Weather-Based Tasks",""
"ui.frostWindow.frostWindow","Interface copy (frostWindow screen). Keep it short and idiomatic — this appears on a button, label or heading with limited room, so match the English length where you can.",12,"FROST WINDOW",""
"ui.frostWindow.mayNotFinishBeforeFrost","Interface copy (frostWindow screen). Keep it short and idiomatic — this appears on a button, label or heading with limited room, so match the English length where you can.",27,"May not finish before frost",""
"ui.frostWindow.firstFrostIsEstimatedAround","Interface copy (frostWindow screen). Keep it short and idiomatic — this appears on a button, label or heading with limited room, so match the English length where you can.",31,"First frost is estimated around",""
"ui.frostWindow.theseCropsNeedLongerThan","Interface copy (frostWindow screen). Keep it short and idiomatic — this appears on a button, label or heading with limited room, so match the English length where you can.",125,". These crops need longer than that to mature if planted now — start them indoors, pick a faster variety, or wait for spring.",""
"ui.frostWindow.needs","Interface copy (frostWindow screen). Keep it short and idiomatic — this appears on a button, label or heading with limited room, so match the English length where you can.",7,"Needs ~",""
"ui.frostWindow.dOnly","Interface copy (frostWindow screen). Keep it short and idiomatic — this appears on a button, label or heading with limited room, so match the English length where you can.",10,"d · only ~",""
"ui.frostWindow.dLeftShort","Interface copy (frostWindow screen). Keep it short and idiomatic — this appears on a button, label or heading with limited room, so match the English length where you can.",16,"d left · short ~",""
"ui.frostWindow.estimatedFromYourZoneA","Interface copy (frostWindow screen). Keep it short and idiomatic — this appears on a button, label or heading with limited room, so match the English length where you can.",76,"Estimated from your zone — a fast-maturing variety may still finish in time.",""
"ui.glowPlant.zones","Interface copy (glowPlant screen). Keep it short and idiomatic — this appears on a button, label or heading with limited room, so match the English length where you can.",7,"• Zones",""
"ui.glowPlant.saved","Interface copy (glowPlant screen). Keep it short and idiomatic — this appears on a button, label or heading with limited room, so match the English length where you can.",7,"✓ Saved",""
"ui.glowPlant.on","Interface copy (glowPlant screen). Keep it short and idiomatic — this appears on a button, label or heading with limited room, so match the English length where you can.",5,"⚔️ On",""
"ui.glowPlant.done","Interface copy (glowPlant screen). Keep it short and idiomatic — this appears on a button, label or heading with limited room, so match the English length where you can.",7,"💧 Done",""
"ui.glowPlant.snoozedUntilTomorrow","Interface copy (glowPlant screen). Keep it short and idiomatic — this appears on a button, label or heading with limited room, so match the English length where you can.",25,"😴 Snoozed until tomorrow",""
"ui.glowPlant.snoozeUntilTomorrow","Interface copy (glowPlant screen). Keep it short and idiomatic — this appears on a button, label or heading with limited room, so match the English length where you can.",24,"😴 Snooze until tomorrow",""
"ui.glowPlant.wateringStreak","Interface copy (glowPlant screen). Keep it short and idiomatic — this appears on a button, label or heading with limited room, so match the English length where you can.",15,"watering streak",""
"ui.glowPlant.leftToKeepYourStreak","Interface copy (glowPlant screen). Keep it short and idiomatic — this appears on a button, label or heading with limited room, so match the English length where you can.",24,"left to keep your streak",""
"ui.glowPlant.tapForFullCareGuide","Interface copy (glowPlant screen). Keep it short and idiomatic — this appears on a button, label or heading with limited room, so match the English length where you can.",25,"Tap for full care guide →",""
"ui.backupRestore.saveAFullCopyOf","Interface copy (backupRestore screen). Keep it short and idiomatic — this appears on a button, label or heading with limited room, so match the English length where you can.",132,"Save a full copy of your garden — plants, journal, beds, logs, and progress — then restore it on a new device or after reinstalling.",""
"ui.backupRestore.exportFullBackup","Interface copy (backupRestore screen). Keep it short and idiomatic — this appears on a button, label or heading with limited room, so match the English length where you can.",18,"Export full backup",""
"ui.backupRestore.shareOrSaveTheBackup","Interface copy (backupRestore screen). Keep it short and idiomatic — this appears on a button, label or heading with limited room, so match the English length where you can.",45,"Share or save the backup text somewhere safe.",""
"ui.backupRestore.restoreFromBackup","Interface copy (backupRestore screen). Keep it short and idiomatic — this appears on a button, label or heading with limited room, so match the English length where you can.",19,"Restore from backup",""
"ui.backupRestore.pasteABackupToBring","Interface copy (backupRestore screen). Keep it short and idiomatic — this appears on a button, label or heading with limited room, so match the English length where you can.",41,"Paste a backup to bring your garden back.",""
"ui.backupRestore.pasteYourBackupTextHere","Interface copy (backupRestore screen). Keep it short and idiomatic — this appears on a button, label or heading with limited room, so match the English length where you can.",28,"Paste your backup text here…",""
"ui.backupRestore.restoreThisBackup","Interface copy (backupRestore screen). Keep it short and idiomatic — this appears on a button, label or heading with limited room, so match the English length where you can.",19,"Restore this backup",""
"ui.backupRestore.restoringReplacesYourCurrentData","Interface copy (backupRestore screen). Keep it short and idiomatic — this appears on a button, label or heading with limited room, so match the English length where you can.",83,"Restoring replaces your current data. Export a fresh backup first if you're unsure.",""
"ui.customTasks.setYourOwnRecurringGarden","Interface copy (customTasks screen). Keep it short and idiomatic — this appears on a button, label or heading with limited room, so match the English length where you can.",104,"Set your own recurring garden reminders — prune, feed, weed, turn compost — and get a nudge on schedule.",""
"ui.customTasks.egPruneTomatoesTurnCompost","Interface copy (customTasks screen). Keep it short and idiomatic — this appears on a button, label or heading with limited room, so match the English length where you can.",34,"e.g. Prune tomatoes, turn compost…",""
"ui.customTasks.addReminder","Interface copy (customTasks screen). Keep it short and idiomatic — this appears on a button, label or heading with limited room, so match the English length where you can.",14,"＋ Add reminder",""
"ui.emptyGardenStarter.getStarted","Interface copy (emptyGardenStarter screen). Keep it short and idiomatic — this appears on a button, label or heading with limited room, so match the English length where you can.",14,"🌱 GET STARTED",""
"ui.emptyGardenStarter.yourGardensLookingBare","Interface copy (emptyGardenStarter screen). Keep it short and idiomatic — this appears on a button, label or heading with limited room, so match the English length where you can.",26,"Your Garden's Looking Bare",""
"ui.emptyGardenStarter.hereAreAFewBeginnerfriendly","Interface copy (emptyGardenStarter screen). Keep it short and idiomatic — this appears on a button, label or heading with limited room, so match the English length where you can.",60,"Here are a few beginner-friendly plants that do well in Zone",""
"ui.emptyGardenStarter.yourArea","Interface copy (emptyGardenStarter screen). Keep it short and idiomatic — this appears on a button, label or heading with limited room, so match the English length where you can.",9,"your area",""
"ui.emptyGardenStarter.saveOneToStartYour","Interface copy (emptyGardenStarter screen). Keep it short and idiomatic — this appears on a button, label or heading with limited room, so match the English length where you can.",32,". Save one to start your garden.",""
"ui.emptyGardenStarter.browseAllPlants","Interface copy (emptyGardenStarter screen). Keep it short and idiomatic — this appears on a button, label or heading with limited room, so match the English length where you can.",20,"Browse all plants 🌿",""
"ui.gardenerProfile.seedlingStarter","Interface copy (gardenerProfile screen). Keep it short and idiomatic — this appears on a button, label or heading with limited room, so match the English length where you can.",16,"Seedling Starter",""
"ui.gardenerProfile.enterProfileName","Interface copy (gardenerProfile screen). Keep it short and idiomatic — this appears on a button, label or heading with limited room, so match the English length where you can.",18,"Enter profile name",""
"ui.gardenerProfile.totalXpEarned","Interface copy (gardenerProfile screen). Keep it short and idiomatic — this appears on a button, label or heading with limited room, so match the English length where you can.",15,"total XP earned",""
"ui.gardenerProfile.xp","Interface copy (gardenerProfile screen). Keep it short and idiomatic — this appears on a button, label or heading with limited room, so match the English length where you can.",4,"XP ·",""
"ui.gardenerProfile.toNextLevel","Interface copy (gardenerProfile screen). Keep it short and idiomatic — this appears on a button, label or heading with limited room, so match the English length where you can.",13,"to next level",""
"ui.gardenerProfile.nextBadgeToEarn","Interface copy (gardenerProfile screen). Keep it short and idiomatic — this appears on a button, label or heading with limited room, so match the English length where you can.",21,"🎯 NEXT BADGE TO EARN",""
"ui.gardenerProfile.everyBadgeUnlockedYoureLegendary","Interface copy (gardenerProfile screen). Keep it short and idiomatic — this appears on a button, label or heading with limited room, so match the English length where you can.",43,"🏆 Every badge unlocked — you're legendary!",""
"ui.personalPlantingCalendar.tapAMonthToSee","Interface copy (personalPlantingCalendar screen). Keep it short and idiomatic — this appears on a button, label or heading with limited room, so match the English length where you can.",52,"Tap a month to see which of your saved plants to sow",""
"ui.personalPlantingCalendar.nothingToSow","Interface copy (personalPlantingCalendar screen). Keep it short and idiomatic — this appears on a button, label or heading with limited room, so match the English length where you can.",14,"nothing to sow",""
"ui.personalPlantingCalendar.thisMonth","Interface copy (personalPlantingCalendar screen). Keep it short and idiomatic — this appears on a button, label or heading with limited room, so match the English length where you can.",12,"· THIS MONTH",""
"ui.personalPlantingCalendar.noneOfYourSavedPlants","Interface copy (personalPlantingCalendar screen). Keep it short and idiomatic — this appears on a button, label or heading with limited room, so match the English length where you can.",51,"None of your saved plants have a planting window in",""
"ui.personalPlantingCalendar.tapAHighlightedMonthTo","Interface copy (personalPlantingCalendar screen). Keep it short and idiomatic — this appears on a button, label or heading with limited room, so match the English length where you can.",50,". Tap a highlighted month to see what's coming up.",""
"ui.plantGrowthTimeline.growthTimeline","Interface copy (plantGrowthTimeline screen). Keep it short and idiomatic — this appears on a button, label or heading with limited room, so match the English length where you can.",18,"📸 Growth timeline",""
"ui.plantGrowthTimeline.sProgress","Interface copy (plantGrowthTimeline screen). Keep it short and idiomatic — this appears on a button, label or heading with limited room, so match the English length where you can.",11,"'s Progress",""
"ui.plantGrowthTimeline.growthTimeline2","Interface copy (plantGrowthTimeline screen). Keep it short and idiomatic — this appears on a button, label or heading with limited room, so match the English length where you can.",15,"Growth Timeline",""
"ui.plantGrowthTimeline.watchYourPlantGrowFrom","Interface copy (plantGrowthTimeline screen). Keep it short and idiomatic — this appears on a button, label or heading with limited room, so match the English length where you can.",95,"Watch your plant grow from seedling to harvest with a photo-by-photo before-and-after timeline.",""
"ui.plantGrowthTimeline.addFirstPhoto","Interface copy (plantGrowthTimeline screen). Keep it short and idiomatic — this appears on a button, label or heading with limited room, so match the English length where you can.",18,"📸 Add first photo",""
"ui.plantGrowthTimeline.sGrowth","Interface copy (plantGrowthTimeline screen). Keep it short and idiomatic — this appears on a button, label or heading with limited room, so match the English length where you can.",10,"'s growth.",""
"ui.plantGrowthTimeline.fullProgression","Interface copy (plantGrowthTimeline screen). Keep it short and idiomatic — this appears on a button, label or heading with limited room, so match the English length where you can.",16,"Full progression",""
"ui.plantGrowthTimeline.addAnotherPhotoToThe","Interface copy (plantGrowthTimeline screen). Keep it short and idiomatic — this appears on a button, label or heading with limited room, so match the English length where you can.",36,"📸 Add another photo to the timeline",""
"ui.sunlightMismatch.sunlightCheck","Interface copy (sunlightMismatch screen). Keep it short and idiomatic — this appears on a button, label or heading with limited room, so match the English length where you can.",17,"☀️ SUNLIGHT CHECK",""
"ui.sunlightMismatch.sunPlacementWarnings","Interface copy (sunlightMismatch screen). Keep it short and idiomatic — this appears on a button, label or heading with limited room, so match the English length where you can.",22,"Sun Placement Warnings",""
"ui.sunlightMismatch.mayBeInTheWrong","Interface copy (sunlightMismatch screen). Keep it short and idiomatic — this appears on a button, label or heading with limited room, so match the English length where you can.",37,"may be in the wrong light for the bed",""
"ui.sunlightMismatch.its","Interface copy (sunlightMismatch screen). Keep it short and idiomatic — this appears on a button, label or heading with limited room, so match the English length where you can.",4,"it's",""
"ui.sunlightMismatch.theyre","Interface copy (sunlightMismatch screen). Keep it short and idiomatic — this appears on a button, label or heading with limited room, so match the English length where you can.",7,"they're",""
"ui.sunlightMismatch.plantedIn","Interface copy (sunlightMismatch screen). Keep it short and idiomatic — this appears on a button, label or heading with limited room, so match the English length where you can.",11,"planted in.",""
"ui.sunlightMismatch.needsFixing","Interface copy (sunlightMismatch screen). Keep it short and idiomatic — this appears on a button, label or heading with limited room, so match the English length where you can.",12,"NEEDS FIXING",""
"ui.budgetTracker.trackWhatYouSpendOn","Interface copy (budgetTracker screen). Keep it short and idiomatic — this appears on a button, label or heading with limited room, so match the English length where you can.",86,"Track what you spend on the garden — it feeds your ROI and shows where the money goes.",""
"ui.budgetTracker.totalInvested","Interface copy (budgetTracker screen). Keep it short and idiomatic — this appears on a button, label or heading with limited room, so match the English length where you can.",14,"total invested",""
"ui.budgetTracker.whatForOptional","Interface copy (budgetTracker screen). Keep it short and idiomatic — this appears on a button, label or heading with limited room, so match the English length where you can.",20,"What for? (optional)",""
"ui.dailyBonus.dailyReward","Interface copy (dailyBonus screen). Keep it short and idiomatic — this appears on a button, label or heading with limited room, so match the English length where you can.",15,"🎁 DAILY REWARD",""
"ui.dailyBonus.todaysBonusHasAlreadyBeen","Interface copy (dailyBonus screen). Keep it short and idiomatic — this appears on a button, label or heading with limited room, so match the English length where you can.",59,"Today's bonus has already been claimed. Come back tomorrow!",""
"ui.dailyBonus.n7dayStreakClaimYour100","Interface copy (dailyBonus screen). Keep it short and idiomatic — this appears on a button, label or heading with limited room, so match the English length where you can.",47,"🔥 7-Day Streak! Claim your 100 XP bonus today!",""
"ui.dailyBonus.openPocketPlanterDailyAnd","Interface copy (dailyBonus screen). Keep it short and idiomatic — this appears on a button, label or heading with limited room, so match the English length where you can.",43,"Open Pocket Planter daily and claim +25 XP.",""
"ui.dailyBonus.claimedToday","Interface copy (dailyBonus screen). Keep it short and idiomatic — this appears on a button, label or heading with limited room, so match the English length where you can.",15,"✅ Claimed Today",""
"ui.dailyBonus.n100Xp","Interface copy (dailyBonus screen). Keep it short and idiomatic — this appears on a button, label or heading with limited room, so match the English length where you can.",10,"🔥 +100 XP",""
"ui.dailyBonus.n25Xp","Interface copy (dailyBonus screen). Keep it short and idiomatic — this appears on a button, label or heading with limited room, so match the English length where you can.",6,"+25 XP",""
"ui.daylight.minday","Interface copy (daylight screen). Keep it short and idiomatic — this appears on a button, label or heading with limited room, so match the English length where you can.",7,"min/day",""
"ui.daylight.daysAreGettingLonger","Interface copy (daylight screen). Keep it short and idiomatic — this appears on a button, label or heading with limited room, so match the English length where you can.",23,"Days are getting longer",""
"ui.daylight.daysAreGettingShorter","Interface copy (daylight screen). Keep it short and idiomatic — this appears on a button, label or heading with limited room, so match the English length where you can.",24,"Days are getting shorter",""
"ui.daylight.byAbout","Interface copy (daylight screen). Keep it short and idiomatic — this appears on a button, label or heading with limited room, so match the English length where you can.",8,"by about",""
"ui.daylight.aDay","Interface copy (daylight screen). Keep it short and idiomatic — this appears on a button, label or heading with limited room, so match the English length where you can.",6,"a day.",""
"ui.gardenHealth.gardenCompatibilityScore","Interface copy (gardenHealth screen). Keep it short and idiomatic — this appears on a button, label or heading with limited room, so match the English length where you can.",26,"Garden Compatibility Score",""
"ui.gardenHealth.companionBalance","Interface copy (gardenHealth screen). Keep it short and idiomatic — this appears on a button, label or heading with limited room, so match the English length where you can.",20,"🌱 Companion balance",""
"ui.gardenHealth.waterBalance","Interface copy (gardenHealth screen). Keep it short and idiomatic — this appears on a button, label or heading with limited room, so match the English length where you can.",16,"💧 Water balance",""
"ui.gardenHealth.sunMatch","Interface copy (gardenHealth screen). Keep it short and idiomatic — this appears on a button, label or heading with limited room, so match the English length where you can.",12,"☀️ Sun match",""
"ui.gardenHealth.zoneFit","Interface copy (gardenHealth screen). Keep it short and idiomatic — this appears on a button, label or heading with limited room, so match the English length where you can.",11,"📍 Zone fit",""
"ui.gardenHealth.noMajorCompanionConflictsFound","Interface copy (gardenHealth screen). Keep it short and idiomatic — this appears on a button, label or heading with limited room, so match the English length where you can.",35,"No major companion conflicts found.",""
"ui.photoStorage.noGardenPhotosYetAs","Interface copy (photoStorage screen). Keep it short and idiomatic — this appears on a button, label or heading with limited room, so match the English length where you can.",84,"No garden photos yet. As you add journal photos, you'll be able to manage them here.",""
"ui.photoStorage.clearOldPhotos","Interface copy (photoStorage screen). Keep it short and idiomatic — this appears on a button, label or heading with limited room, so match the English length where you can.",16,"CLEAR OLD PHOTOS",""
"ui.photoStorage.deletingRemovesThoseJournalEntries","Interface copy (photoStorage screen). Keep it short and idiomatic — this appears on a button, label or heading with limited room, so match the English length where you can.",99,"Deleting removes those journal entries permanently. Export a backup first if you want to keep them.",""
"ui.rainfallLog.trackRainfallSoYouDont","Interface copy (rainfallLog screen). Keep it short and idiomatic — this appears on a button, label or heading with limited room, so match the English length where you can.",105,"Track rainfall so you don't over-water. Plants generally want about 1″ of water per week from rain + you.",""
"ui.rainfallLog.rainThisWeek","Interface copy (rainfallLog screen). Keep it short and idiomatic — this appears on a button, label or heading with limited room, so match the English length where you can.",14,"rain this week",""
"ui.rainfallLog.logTodaysRain","Interface copy (rainfallLog screen). Keep it short and idiomatic — this appears on a button, label or heading with limited room, so match the English length where you can.",16,"Log today's rain",""
"ui.rainfallLog.rainChanceTodayRememberTo","Interface copy (rainfallLog screen). Keep it short and idiomatic — this appears on a button, label or heading with limited room, so match the English length where you can.",58,"% rain chance today — remember to log it if it comes down.",""
"ui.seasonalChallenges.challengesDone","Interface copy (seasonalChallenges screen). Keep it short and idiomatic — this appears on a button, label or heading with limited room, so match the English length where you can.",16,"challenges done!",""
"ui.seasonalChallenges.youveClaimedEveryRewardThis","Interface copy (seasonalChallenges screen). Keep it short and idiomatic — this appears on a button, label or heading with limited room, so match the English length where you can.",80,"You've claimed every reward this season. Fresh challenges arrive next season. 🌱",""
"ui.seasonalChallenges.challenges","Interface copy (seasonalChallenges screen). Keep it short and idiomatic — this appears on a button, label or heading with limited room, so match the English length where you can.",12,"challenges ·",""
"ui.seasonalChallenges.claimedFinishTheRestFor","Interface copy (seasonalChallenges screen). Keep it short and idiomatic — this appears on a button, label or heading with limited room, so match the English length where you can.",63,"claimed. Finish the rest for bonus XP — they reset each season.",""
"ui.shadeAdvisor.noShadingRisksSpottedYour","Interface copy (shadeAdvisor screen). Keep it short and idiomatic — this appears on a button, label or heading with limited room, so match the English length where you can.",179,"No shading risks spotted — your tall and short plants look well arranged. Tip: put tall crops (corn, tomatoes, sunflowers) on the north side of a bed so they don't shade the rest.",""
"ui.shadeAdvisor.tallPlantsCanCastShade","Interface copy (shadeAdvisor screen). Keep it short and idiomatic — this appears on a button, label or heading with limited room, so match the English length where you can.",112,"Tall plants can cast shade over sun-loving neighbors. Check these beds so nothing gets crowded out of the light.",""
"ui.shadeAdvisor.mayShade","Interface copy (shadeAdvisor screen). Keep it short and idiomatic — this appears on a button, label or heading with limited room, so match the English length where you can.",9,"may shade",""
"ui.shadeAdvisor.moveTheTallCropsTo","Interface copy (shadeAdvisor screen). Keep it short and idiomatic — this appears on a button, label or heading with limited room, so match the English length where you can.",98,"✅ Move the tall crops to the north (or back) side of the bed so the sun-lovers stay in full light.",""
"ui.shareGarden.showOffYourGardenShare","Interface copy (shareGarden screen). Keep it short and idiomatic — this appears on a button, label or heading with limited room, so match the English length where you can.",72,"Show off your garden! Share this snapshot of your progress with friends.",""
"ui.shareGarden.myPocketPlanterGarden","Interface copy (shareGarden screen). Keep it short and idiomatic — this appears on a button, label or heading with limited room, so match the English length where you can.",27,"🌱 MY POCKET PLANTER GARDEN",""
"ui.shareGarden.growingSmarterWithPocketPlanter","Interface copy (shareGarden screen). Keep it short and idiomatic — this appears on a button, label or heading with limited room, so match the English length where you can.",38,"Growing smarter with Pocket Planter 🌿",""
"ui.shareGarden.shareMyGarden","Interface copy (shareGarden screen). Keep it short and idiomatic — this appears on a button, label or heading with limited room, so match the English length where you can.",18,"📤 Share My Garden",""
"ui.soilTestLog.logSoilPhReadingsOver","Interface copy (soilTestLog screen). Keep it short and idiomatic — this appears on a button, label or heading with limited room, so match the English length where you can.",122,"Log soil pH readings over time and get amendment tips. Test kits are cheap and pH drives how well plants absorb nutrients.",""
"ui.soilTestLog.latestReading","Interface copy (soilTestLog screen). Keep it short and idiomatic — this appears on a button, label or heading with limited room, so match the English length where you can.",14,"Latest reading",""
"ui.soilTestLog.phEg65","Interface copy (soilTestLog screen). Keep it short and idiomatic — this appears on a button, label or heading with limited room, so match the English length where you can.",13,"pH (e.g. 6.5)",""
"ui.soilTestLog.bedNoteOptional","Interface copy (soilTestLog screen). Keep it short and idiomatic — this appears on a button, label or heading with limited room, so match the English length where you can.",21,"Bed / note (optional)",""
"ui.soilTestLog.t120000","Interface copy (soilTestLog screen). Keep it short and idiomatic — this appears on a button, label or heading with limited room, so match the English length where you can.",9,"T12:00:00",""
"ui.sunlightTracker.addAGardenBedFirst","Interface copy (sunlightTracker screen). Keep it short and idiomatic — this appears on a button, label or heading with limited room, so match the English length where you can.",102,"Add a garden bed first, then log how much sun it gets each day to match the right plants to each spot.",""
"ui.sunlightTracker.watchEachBedOverA","Interface copy (sunlightTracker screen). Keep it short and idiomatic — this appears on a button, label or heading with limited room, so match the English length where you can.",86,"Watch each bed over a sunny day and log its hours of direct sun — then plant to match.",""
"ui.waterTriage.wateringQueue","Interface copy (waterTriage screen). Keep it short and idiomatic — this appears on a button, label or heading with limited room, so match the English length where you can.",17,"🚿 WATERING QUEUE",""
"ui.waterTriage.waterTheseInOrder","Interface copy (waterTriage screen). Keep it short and idiomatic — this appears on a button, label or heading with limited room, so match the English length where you can.",21,"Water These, In Order",""
"ui.waterTriage.dueToday","Interface copy (waterTriage screen). Keep it short and idiomatic — this appears on a button, label or heading with limited room, so match the English length where you can.",9,"Due today",""
"ui.waterTriage.dueTomorrow","Interface copy (waterTriage screen). Keep it short and idiomatic — this appears on a button, label or heading with limited room, so match the English length where you can.",12,"Due tomorrow",""
"ui.waterTriage.water","Interface copy (waterTriage screen). Keep it short and idiomatic — this appears on a button, label or heading with limited room, so match the English length where you can.",8,"💧 Water",""
"ui.wateringForecast.saveAFewPlantsTo","Interface copy (wateringForecast screen). Keep it short and idiomatic — this appears on a button, label or heading with limited room, so match the English length where you can.",55,"Save a few plants to see your watering week take shape.",""
"ui.wateringForecast.busiestDay","Interface copy (wateringForecast screen). Keep it short and idiomatic — this appears on a button, label or heading with limited room, so match the English length where you can.",15,"📅 Busiest day:",""
"ui.wateringForecast.plants","Interface copy (wateringForecast screen). Keep it short and idiomatic — this appears on a button, label or heading with limited room, so match the English length where you can.",7,"plants)",""
"ui.wateringForecast.rainExpectedSoonCheckSoil","Interface copy (wateringForecast screen). Keep it short and idiomatic — this appears on a button, label or heading with limited room, so match the English length where you can.",67,"🌧️ Rain expected soon — check soil first, you may be able to skip.",""
"ui.wateringForecast.nothingDueAFreeDay","Interface copy (wateringForecast screen). Keep it short and idiomatic — this appears on a button, label or heading with limited room, so match the English length where you can.",29,"Nothing due — a free day. 🌤️",""
"ui.wateringForecast.tapADayToSee","Interface copy (wateringForecast screen). Keep it short and idiomatic — this appears on a button, label or heading with limited room, so match the English length where you can.",38,"Tap a day to see which plants are due.",""
"ui.wateringForecast.notShownWaterOnceTo","Interface copy (wateringForecast screen). Keep it short and idiomatic — this appears on a button, label or heading with limited room, so match the English length where you can.",44,"not shown — water once to start forecasting.",""
"ui.weeklyGardenRecap.weeklyRecap","Interface copy (weeklyGardenRecap screen). Keep it short and idiomatic — this appears on a button, label or heading with limited room, so match the English length where you can.",12,"WEEKLY RECAP",""
"ui.weeklyGardenRecap.yourGardenProgress","Interface copy (weeklyGardenRecap screen). Keep it short and idiomatic — this appears on a button, label or heading with limited room, so match the English length where you can.",23,"Your Garden Progress 🌱",""
"ui.weeklyGardenRecap.watered","Interface copy (weeklyGardenRecap screen). Keep it short and idiomatic — this appears on a button, label or heading with limited room, so match the English length where you can.",11,"💧 Watered:",""
"ui.weeklyGardenRecap.photos","Interface copy (weeklyGardenRecap screen). Keep it short and idiomatic — this appears on a button, label or heading with limited room, so match the English length where you can.",10,"📸 Photos:",""
"ui.weeklyGardenRecap.saved","Interface copy (weeklyGardenRecap screen). Keep it short and idiomatic — this appears on a button, label or heading with limited room, so match the English length where you can.",9,"🪴 Saved:",""
"ui.weeklyGardenRecap.xp","Interface copy (weeklyGardenRecap screen). Keep it short and idiomatic — this appears on a button, label or heading with limited room, so match the English length where you can.",5,"⭐ XP:",""
"ui.weeklyGardenRecap.currentStreak","Interface copy (weeklyGardenRecap screen). Keep it short and idiomatic — this appears on a button, label or heading with limited room, so match the English length where you can.",18,"🔥 Current streak:",""
"ui.allNotes.myGardenNotes","Interface copy (allNotes screen). Keep it short and idiomatic — this appears on a button, label or heading with limited room, so match the English length where you can.",18,"📝 MY GARDEN NOTES",""
"ui.allNotes.allYourPlantNotes","Interface copy (allNotes screen). Keep it short and idiomatic — this appears on a button, label or heading with limited room, so match the English length where you can.",20,"All Your Plant Notes",""
"ui.allNotes.everythingYouveWrittenAcrossYour","Interface copy (allNotes screen). Keep it short and idiomatic — this appears on a button, label or heading with limited room, so match the English length where you can.",70,"Everything you've written across your plants, in one searchable place.",""
"ui.allNotes.searchYourNotes","Interface copy (allNotes screen). Keep it short and idiomatic — this appears on a button, label or heading with limited room, so match the English length where you can.",20,"Search your notes...",""
"ui.allNotes.noNotesMatch","Interface copy (allNotes screen). Keep it short and idiomatic — this appears on a button, label or heading with limited room, so match the English length where you can.",16,"No notes match """,""
"ui.allNotes.tryADifferentWord","Interface copy (allNotes screen). Keep it short and idiomatic — this appears on a button, label or heading with limited room, so match the English length where you can.",24,""". Try a different word.",""
"ui.cropRotation.cropRotation","Interface copy (cropRotation screen). Keep it short and idiomatic — this appears on a button, label or heading with limited room, so match the English length where you can.",16,"🔄 CROP ROTATION",""
"ui.cropRotation.rotateToProtectYourSoil","Interface copy (cropRotation screen). Keep it short and idiomatic — this appears on a button, label or heading with limited room, so match the English length where you can.",27,"Rotate to Protect Your Soil",""
"ui.cropRotation.theSamePlantFamilyAs","Interface copy (cropRotation screen). Keep it short and idiomatic — this appears on a button, label or heading with limited room, so match the English length where you can.",115,"the same plant family as a past year. Rotating families each season helps avoid soilborne disease and pest buildup.",""
"ui.cropRotation.grewHereIn","Interface copy (cropRotation screen). Keep it short and idiomatic — this appears on a button, label or heading with limited room, so match the English length where you can.",12,"grew here in",""
"ui.cropRotation.tryADifferentFamilyThis","Interface copy (cropRotation screen). Keep it short and idiomatic — this appears on a button, label or heading with limited room, so match the English length where you can.",36,"— try a different family this season",""
"ui.cropRotation.goodRotationsFollowLegumesWith","Interface copy (cropRotation screen). Keep it short and idiomatic — this appears on a button, label or heading with limited room, so match the English length where you can.",97,"Good rotations: follow legumes with leafy greens, brassicas with roots, nightshades with legumes.",""
"ui.fixMyGarden.conflictsToFix","Interface copy (fixMyGarden screen). Keep it short and idiomatic — this appears on a button, label or heading with limited room, so match the English length where you can.",19,"🔴 CONFLICTS TO FIX",""
"ui.fixMyGarden.ofPlantsInYourBeds","Interface copy (fixMyGarden screen). Keep it short and idiomatic — this appears on a button, label or heading with limited room, so match the English length where you can.",91,"of plants in your beds don't grow well together. Tap a pair to see why — and how to fix it.",""
"ui.fixMyGarden.bothIn","Interface copy (fixMyGarden screen). Keep it short and idiomatic — this appears on a button, label or heading with limited room, so match the English length where you can.",11,"📍 Both in:",""
"ui.fixMyGarden.basedOnCompanionPlantingGuidelines","Interface copy (fixMyGarden screen). Keep it short and idiomatic — this appears on a button, label or heading with limited room, so match the English length where you can.",73,"Based on companion planting guidelines. Rearrange in your Garden planner.",""
"ui.harvestReveal.theGlowup","Interface copy (harvestReveal screen). Keep it short and idiomatic — this appears on a button, label or heading with limited room, so match the English length where you can.",18,"🌱➡️🍅 THE GLOW-UP",""
"ui.harvestReveal.howFarTheyveCome","Interface copy (harvestReveal screen). Keep it short and idiomatic — this appears on a button, label or heading with limited room, so match the English length where you can.",20,"How Far They've Come",""
"ui.harvestReveal.yourHarvestedPlantsFromFirst","Interface copy (harvestReveal screen). Keep it short and idiomatic — this appears on a button, label or heading with limited room, so match the English length where you can.",71,"Your harvested plants, from first photo to latest. Look at that growth.",""
"ui.harvestReveal.daysApart","Interface copy (harvestReveal screen). Keep it short and idiomatic — this appears on a button, label or heading with limited room, so match the English length where you can.",10,"days apart",""
"ui.harvestReveal.firstPhoto","Interface copy (harvestReveal screen). Keep it short and idiomatic — this appears on a button, label or heading with limited room, so match the English length where you can.",14,"🌱 First photo",""
"ui.harvestReveal.latest","Interface copy (harvestReveal screen). Keep it short and idiomatic — this appears on a button, label or heading with limited room, so match the English length where you can.",9,"🍅 Latest",""
"ui.onThisDay.onThisDay","Interface copy (onThisDay screen). Keep it short and idiomatic — this appears on a button, label or heading with limited room, so match the English length where you can.",11,"ON THIS DAY",""
"ui.onThisDay.aMemoryFromYourGarden","Interface copy (onThisDay screen). Keep it short and idiomatic — this appears on a button, label or heading with limited room, so match the English length where you can.",25,"A memory from your garden",""
"ui.onThisDay.memoriesFromYourGarden","Interface copy (onThisDay screen). Keep it short and idiomatic — this appears on a button, label or heading with limited room, so match the English length where you can.",25,"Memories from your garden",""
"ui.onThisDay.lookHowFarYouveCome","Interface copy (onThisDay screen). Keep it short and idiomatic — this appears on a button, label or heading with limited room, so match the English length where you can.",77,"Look how far you've come. Here's what your garden was up to around this time.",""
"ui.plantTodayHero.viewCareGuide","Interface copy (plantTodayHero screen). Keep it short and idiomatic — this appears on a button, label or heading with limited room, so match the English length where you can.",17,"View care guide →",""
"ui.seedStarting.seedStarting","Interface copy (seedStarting screen). Keep it short and idiomatic — this appears on a button, label or heading with limited room, so match the English length where you can.",13,"SEED STARTING",""
"ui.seedStarting.comingUpToStartIndoors","Interface copy (seedStarting screen). Keep it short and idiomatic — this appears on a button, label or heading with limited room, so match the English length where you can.",26,"Coming up to start indoors",""
"ui.seedStarting.startingSeedsIndoorsAheadOf","Interface copy (seedStarting screen). Keep it short and idiomatic — this appears on a button, label or heading with limited room, so match the English length where you can.",96,"Starting seeds indoors ahead of your last frost gives transplants a head start when it warms up.",""
"ui.seedStarting.startIndoorsBy","Interface copy (seedStarting screen). Keep it short and idiomatic — this appears on a button, label or heading with limited room, so match the English length where you can.",16,"Start indoors by",""
"ui.seedStarting.wksBeforeFrost","Interface copy (seedStarting screen). Keep it short and idiomatic — this appears on a button, label or heading with limited room, so match the English length where you can.",16,"wks before frost",""
"ui.seedStarting.transplantAround","Interface copy (seedStarting screen). Keep it short and idiomatic — this appears on a button, label or heading with limited room, so match the English length where you can.",17,"Transplant around",""
"ui.thrivingNearYou.popularInZone","Interface copy (thrivingNearYou screen). Keep it short and idiomatic — this appears on a button, label or heading with limited room, so match the English length where you can.",15,"Popular in Zone",""
"ui.thrivingNearYou.whatGardenersInYourGrowing","Interface copy (thrivingNearYou screen). Keep it short and idiomatic — this appears on a button, label or heading with limited room, so match the English length where you can.",100,"What gardeners in your growing zone are saving and harvesting most. Updated as your community grows.",""
"ui.thrivingNearYou.loadingYourZone","Interface copy (thrivingNearYou screen). Keep it short and idiomatic — this appears on a button, label or heading with limited room, so match the English length where you can.",18,"Loading your zone…",""
"ui.thrivingNearYou.notEnoughGardenersInZone","Interface copy (thrivingNearYou screen). Keep it short and idiomatic — this appears on a button, label or heading with limited room, so match the English length where you can.",28,"Not enough gardeners in Zone",""
"ui.thrivingNearYou.yourArea","Interface copy (thrivingNearYou screen). Keep it short and idiomatic — this appears on a button, label or heading with limited room, so match the English length where you can.",9,"your area",""
"ui.thrivingNearYou.yetAsMorePeopleGrow","Interface copy (thrivingNearYou screen). Keep it short and idiomatic — this appears on a button, label or heading with limited room, so match the English length where you can.",78,"yet. As more people grow here, you'll see the most popular plants light up. 🌱",""
"ui.yearInReview.grownThisYear","Interface copy (yearInReview screen). Keep it short and idiomatic — this appears on a button, label or heading with limited room, so match the English length where you can.",15,"GROWN THIS YEAR",""
"ui.yearInReview.estimatedValueOfYourHarvests","Interface copy (yearInReview screen). Keep it short and idiomatic — this appears on a button, label or heading with limited room, so match the English length where you can.",32,"Estimated value of your harvests",""
"ui.yearInReview.shareMyYearInReview","Interface copy (yearInReview screen). Keep it short and idiomatic — this appears on a button, label or heading with limited room, so match the English length where you can.",26,"📤 Share My Year in Review",""
"ui.frostBanner.frostExpected","Interface copy (frostBanner screen). Keep it short and idiomatic — this appears on a button, label or heading with limited room, so match the English length where you can.",14,"Frost expected",""
"ui.frostBanner.lowOf","Interface copy (frostBanner screen). Keep it short and idiomatic — this appears on a button, label or heading with limited room, so match the English length where you can.",6,"Low of",""
"ui.frostBanner.comingCoverTenderPlantsMove","Interface copy (frostBanner screen). Keep it short and idiomatic — this appears on a button, label or heading with limited room, so match the English length where you can.",88,"coming — cover tender plants, move containers to shelter, and hold off on transplanting.",""
"ui.frostBanner.turnOnFrostAlertsIn","Interface copy (frostBanner screen). Keep it short and idiomatic — this appears on a button, label or heading with limited room, so match the English length where you can.",75,"Turn on Frost Alerts in the Garden tab to get a heads-up each cold evening.",""
"ui.frostChecklist.coldWeatherPrep","Interface copy (frostChecklist screen). Keep it short and idiomatic — this appears on a button, label or heading with limited room, so match the English length where you can.",17,"COLD WEATHER PREP",""
"ui.frostChecklist.youreColdready","Interface copy (frostChecklist screen). Keep it short and idiomatic — this appears on a button, label or heading with limited room, so match the English length where you can.",21,"You're cold-ready! 🌿",""
"ui.frostChecklist.lowOf","Interface copy (frostChecklist screen). Keep it short and idiomatic — this appears on a button, label or heading with limited room, so match the English length where you can.",6,"Low of",""
"ui.frostChecklist.f","Interface copy (frostChecklist screen). Keep it short and idiomatic — this appears on a button, label or heading with limited room, so match the English length where you can.",4,"°F (",""
"ui.frostChecklist.cExpectedCheckTheseOff","Interface copy (frostChecklist screen). Keep it short and idiomatic — this appears on a button, label or heading with limited room, so match the English length where you can.",41,"°C) expected. Check these off as you go —",""
"ui.gardenPlanExport.buildAGardenMapWith","Interface copy (gardenPlanExport screen). Keep it short and idiomatic — this appears on a button, label or heading with limited room, so match the English length where you can.",105,"Build a garden map with a few beds and plants, then export the whole plan to share or save for reference.",""
"ui.gardenPlanExport.exportYourFullGardenLayout","Interface copy (gardenPlanExport screen). Keep it short and idiomatic — this appears on a button, label or heading with limited room, so match the English length where you can.",109,"Export your full garden layout — every bed and its plants — as a shareable plan you can send, save, or print.",""
"ui.gardenPlanExport.plantsPlaced","Interface copy (gardenPlanExport screen). Keep it short and idiomatic — this appears on a button, label or heading with limited room, so match the English length where you can.",13,"Plants placed",""
"ui.gardenPlanExport.exportShareGardenPlan","Interface copy (gardenPlanExport screen). Keep it short and idiomatic — this appears on a button, label or heading with limited room, so match the English length where you can.",29,"📤 Export / Share Garden Plan",""
"ui.harvestLog.totalHarvests","Interface copy (harvestLog screen). Keep it short and idiomatic — this appears on a button, label or heading with limited room, so match the English length where you can.",14,"Total Harvests",""
"ui.harvestLog.thisMonth","Interface copy (harvestLog screen). Keep it short and idiomatic — this appears on a button, label or heading with limited room, so match the English length where you can.",10,"This Month",""
"ui.harvestLog.noHarvestsLoggedYet","Interface copy (harvestLog screen). Keep it short and idiomatic — this appears on a button, label or heading with limited room, so match the English length where you can.",22,"No harvests logged yet",""
"ui.harvestLog.openAPlantAndTap","Interface copy (harvestLog screen). Keep it short and idiomatic — this appears on a button, label or heading with limited room, so match the English length where you can.",81,"Open a plant and tap ""Log a Harvest"" when you pick something. It'll show up here.",""
"ui.harvestReady.harvestTracker","Interface copy (harvestReady screen). Keep it short and idiomatic — this appears on a button, label or heading with limited room, so match the English length where you can.",15,"HARVEST TRACKER",""
"ui.harvestReady.pickTheseSoonForPeak","Interface copy (harvestReady screen). Keep it short and idiomatic — this appears on a button, label or heading with limited room, so match the English length where you can.",68,"Pick these soon for peak flavor — and to keep your plants producing.",""
"ui.harvestReady.thesePlantsAreEnteringTheir","Interface copy (harvestReady screen). Keep it short and idiomatic — this appears on a button, label or heading with limited room, so match the English length where you can.",68,"These plants are entering their harvest window. Keep an eye on them.",""
"ui.harvestReady.readyToHarvestNow","Interface copy (harvestReady screen). Keep it short and idiomatic — this appears on a button, label or heading with limited room, so match the English length where you can.",24,"🎉 Ready to harvest now!",""
"ui.pestWatch.commonIn","Interface copy (pestWatch screen). Keep it short and idiomatic — this appears on a button, label or heading with limited room, so match the English length where you can.",9,"common in",""
"ui.pestWatch.tapAnyPestForA","Interface copy (pestWatch screen). Keep it short and idiomatic — this appears on a button, label or heading with limited room, so match the English length where you can.",32,". Tap any pest for a full guide.",""
"ui.pestWatch.showMorePests","Interface copy (pestWatch screen). Keep it short and idiomatic — this appears on a button, label or heading with limited room, so match the English length where you can.",17,"Show more pests (",""
"ui.pestWatch.more","Interface copy (pestWatch screen). Keep it short and idiomatic — this appears on a button, label or heading with limited room, so match the English length where you can.",5,"more)",""
"ui.pestWatch.basedOnTypicalActivityIn","Interface copy (pestWatch screen). Keep it short and idiomatic — this appears on a button, label or heading with limited room, so match the English length where you can.",71,"Based on typical activity in your zone — not a live infestation report.",""
"ui.successionSowing.resowTheseOnARhythm","Interface copy (successionSowing screen). Keep it short and idiomatic — this appears on a button, label or heading with limited room, so match the English length where you can.",82,"Re-sow these on a rhythm for a steady, continuous harvest instead of one big glut.",""
"ui.successionSowing.sowAnyway","Interface copy (successionSowing screen). Keep it short and idiomatic — this appears on a button, label or heading with limited room, so match the English length where you can.",10,"Sow anyway",""
"ui.todaysGamePlan.todaysGamePlan","Interface copy (todaysGamePlan screen). Keep it short and idiomatic — this appears on a button, label or heading with limited room, so match the English length where you can.",17,"TODAY'S GAME PLAN",""
"ui.todaysGamePlan.youreAllCaughtUp","Interface copy (todaysGamePlan screen). Keep it short and idiomatic — this appears on a button, label or heading with limited room, so match the English length where you can.",24,"You're all caught up! 🌿",""
"ui.todaysGamePlan.nothingUrgentInTheGarden","Interface copy (todaysGamePlan screen). Keep it short and idiomatic — this appears on a button, label or heading with limited room, so match the English length where you can.",90,"Nothing urgent in the garden right now. Check back tomorrow, or browse new plants to grow.",""
"ui.trends.logWateringsPhotosAndHarvests","Interface copy (trends screen). Keep it short and idiomatic — this appears on a button, label or heading with limited room, so match the English length where you can.",90,"Log waterings, photos, and harvests and your season trends will chart here month by month.",""
"ui.trends.yourLast6MonthsOf","Interface copy (trends screen). Keep it short and idiomatic — this appears on a button, label or heading with limited room, so match the English length where you can.",50,"Your last 6 months of garden activity at a glance.",""
"ui.trends.waterings","Interface copy (trends screen). Keep it short and idiomatic — this appears on a button, label or heading with limited room, so match the English length where you can.",12,"💧 WATERINGS",""
"ui.trends.photos","Interface copy (trends screen). Keep it short and idiomatic — this appears on a button, label or heading with limited room, so match the English length where you can.",9,"📸 PHOTOS",""
"ui.trends.harvests","Interface copy (trends screen). Keep it short and idiomatic — this appears on a button, label or heading with limited room, so match the English length where you can.",11,"🚜 HARVESTS",""
"ui.wateringStreakNudge.dontBreakYourStreak","Interface copy (wateringStreakNudge screen). Keep it short and idiomatic — this appears on a button, label or heading with limited room, so match the English length where you can.",23,"DON'T BREAK YOUR STREAK",""
"ui.wateringStreakNudge.thesePlantsHaveAWatering","Interface copy (wateringStreakNudge screen). Keep it short and idiomatic — this appears on a button, label or heading with limited room, so match the English length where you can.",96,"These plants have a watering streak going. Water them before the window closes to keep it alive.",""
"ui.wateringStreakNudge.dayStreak","Interface copy (wateringStreakNudge screen). Keep it short and idiomatic — this appears on a button, label or heading with limited room, so match the English length where you can.",11,"-day streak",""
"ui.wateringStreakNudge.lastDayToKeepIt","Interface copy (wateringStreakNudge screen). Keep it short and idiomatic — this appears on a button, label or heading with limited room, so match the English length where you can.",22,"⏳ Last day to keep it!",""
"ui.wateringStreakNudge.water","Interface copy (wateringStreakNudge screen). Keep it short and idiomatic — this appears on a button, label or heading with limited room, so match the English length where you can.",8,"💧 Water",""
"ui.yieldTracker.logHarvestsFromAPlants","Interface copy (yieldTracker screen). Keep it short and idiomatic — this appears on a button, label or heading with limited room, so match the English length where you can.",127,"Log harvests (from a plant's page or the Harvest Log) and this card will track your yields and compare them season over season.",""
"ui.yieldTracker.harvestsIn","Interface copy (yieldTracker screen). Keep it short and idiomatic — this appears on a button, label or heading with limited room, so match the English length where you can.",11,"Harvests in",""
"ui.yieldTracker.vsLastYear","Interface copy (yieldTracker screen). Keep it short and idiomatic — this appears on a button, label or heading with limited room, so match the English length where you can.",16,"% vs last year (",""
"ui.yieldTracker.keepLoggingNextYearYoull","Interface copy (yieldTracker screen). Keep it short and idiomatic — this appears on a button, label or heading with limited room, so match the English length where you can.",73,"Keep logging — next year you'll see a season-over-season comparison here.",""
"ui.yieldTracker.topProducers","Interface copy (yieldTracker screen). Keep it short and idiomatic — this appears on a button, label or heading with limited room, so match the English length where you can.",18,"🏆 TOP PRODUCERS (",""
"ui.plantAnniversary.plantAnniversary","Interface copy (plantAnniversary screen). Keep it short and idiomatic — this appears on a button, label or heading with limited room, so match the English length where you can.",17,"PLANT ANNIVERSARY",""
"ui.plantAnniversary.aPlantMilestone","Interface copy (plantAnniversary screen). Keep it short and idiomatic — this appears on a button, label or heading with limited room, so match the English length where you can.",18,"A plant milestone!",""
"ui.plantAnniversary.together","Interface copy (plantAnniversary screen). Keep it short and idiomatic — this appears on a button, label or heading with limited room, so match the English length where you can.",9,"together!",""
"ui.plantingGuide.plantingGuide","Interface copy (plantingGuide screen). Keep it short and idiomatic — this appears on a button, label or heading with limited room, so match the English length where you can.",17,"📐 PLANTING GUIDE",""
"ui.plantingGuide.generalGuidanceFor","Interface copy (plantingGuide screen). Keep it short and idiomatic — this appears on a button, label or heading with limited room, so match the English length where you can.",20,"General guidance for",""
"ui.plantingGuide.checkYourSeedPacketFor","Interface copy (plantingGuide screen). Keep it short and idiomatic — this appears on a button, label or heading with limited room, so match the English length where you can.",54,". Check your seed packet for variety-specific details.",""
"ui.powerPairs.powerPairs","Interface copy (powerPairs screen). Keep it short and idiomatic — this appears on a button, label or heading with limited room, so match the English length where you can.",14,"🟢 POWER PAIRS",""
"ui.powerPairs.thesePlantsShareABed","Interface copy (powerPairs screen). Keep it short and idiomatic — this appears on a button, label or heading with limited room, so match the English length where you can.",87,"These plants share a bed and genuinely help each other. Tap a pair to see why it works.",""
"ui.powerPairs.greatPairingIn","Interface copy (powerPairs screen). Keep it short and idiomatic — this appears on a button, label or heading with limited room, so match the English length where you can.",19,"🟢 Great pairing in",""
"ui.quickAdd.typeAPlantNameTo","Interface copy (quickAdd screen). Keep it short and idiomatic — this appears on a button, label or heading with limited room, so match the English length where you can.",81,"Type a plant name to add it to your garden in a tap — no scrolling the full list.",""
"ui.quickAdd.search179Plants","Interface copy (quickAdd screen). Keep it short and idiomatic — this appears on a button, label or heading with limited room, so match the English length where you can.",18,"Search 179 plants…",""
"ui.quickAdd.saved","Interface copy (quickAdd screen). Keep it short and idiomatic — this appears on a button, label or heading with limited room, so match the English length where you can.",7,"✓ Saved",""
"ui.quickAdd.add","Interface copy (quickAdd screen). Keep it short and idiomatic — this appears on a button, label or heading with limited room, so match the English length where you can.",5,"+ Add",""
"ui.rescueMode.rescueMode","Interface copy (rescueMode screen). Keep it short and idiomatic — this appears on a button, label or heading with limited room, so match the English length where you can.",11,"RESCUE MODE",""
"ui.rescueMode.theseHaventBeenWateredIn","Interface copy (rescueMode screen). Keep it short and idiomatic — this appears on a button, label or heading with limited room, so match the English length where you can.",99,"These haven't been watered in a while. A deep watering and a soil check can bring most plants back.",""
"ui.rescueMode.daysSinceWatering","Interface copy (rescueMode screen). Keep it short and idiomatic — this appears on a button, label or heading with limited room, so match the English length where you can.",19,"days since watering",""
"ui.rescueMode.rescue","Interface copy (rescueMode screen). Keep it short and idiomatic — this appears on a button, label or heading with limited room, so match the English length where you can.",9,"💧 Rescue",""
"ui.swipeablePlantGallery.noPlantsForYourZone","Interface copy (swipeablePlantGallery screen). Keep it short and idiomatic — this appears on a button, label or heading with limited room, so match the English length where you can.",27,"No plants for your zone yet",""
"ui.swipeablePlantGallery.setYourZipCodeOn","Interface copy (swipeablePlantGallery screen). Keep it short and idiomatic — this appears on a button, label or heading with limited room, so match the English length where you can.",77,"Set your ZIP code on the Home tab to see plants matched to your growing zone.",""
"ui.swipeablePlantGallery.previous","Interface copy (swipeablePlantGallery screen). Keep it short and idiomatic — this appears on a button, label or heading with limited room, so match the English length where you can.",10,"‹ Previous",""
"ui.swipeablePlantGallery.next","Interface copy (swipeablePlantGallery screen). Keep it short and idiomatic — this appears on a button, label or heading with limited room, so match the English length where you can.",6,"Next ›",""
"ui.wateringHeatmap.eachSquareIsADay","Interface copy (wateringHeatmap screen). Keep it short and idiomatic — this appears on a button, label or heading with limited room, so match the English length where you can.",44,". Each square is a day — greener means more.",""
"ui.wateringInsights.logAFewWateringsTo","Interface copy (wateringInsights screen). Keep it short and idiomatic — this appears on a button, label or heading with limited room, so match the English length where you can.",40,"Log a few waterings to see your heatmap.",""
"ui.wateringRhythm.needsAtLeast3Logged","Interface copy (wateringRhythm screen). Keep it short and idiomatic — this appears on a button, label or heading with limited room, so match the English length where you can.",62,"Needs at least 3 logged waterings per plant to show a pattern.",""
"ui.wishlist.dreamingUpNextSeasonSave","Interface copy (wishlist screen). Keep it short and idiomatic — this appears on a button, label or heading with limited room, so match the English length where you can.",88,"Dreaming up next season? Save plants you want to try — separate from your active garden.",""
"ui.wishlist.addAPlantToTry","Interface copy (wishlist screen). Keep it short and idiomatic — this appears on a button, label or heading with limited room, so match the English length where you can.",31,"Add a plant to try next season…",""
"ui.wishlist.yourWishlistIsEmptyAdd","Interface copy (wishlist screen). Keep it short and idiomatic — this appears on a button, label or heading with limited room, so match the English length where you can.",62,"Your wishlist is empty — add the crops you're excited to grow.",""
"ui.wishlist.growing","Interface copy (wishlist screen). Keep it short and idiomatic — this appears on a button, label or heading with limited room, so match the English length where you can.",9,"growing ✓",""
"ui.errorBoundary.somethingWentWrong","Interface copy (errorBoundary screen). Keep it short and idiomatic — this appears on a button, label or heading with limited room, so match the English length where you can.",20,"Something went wrong",""
"ui.errorBoundary.pocketPlanterHitAnUnexpected","Interface copy (errorBoundary screen). Keep it short and idiomatic — this appears on a button, label or heading with limited room, so match the English length where you can.",83,"Pocket Planter hit an unexpected error. Your data is safe — tap below to try again.",""
"ui.errorBoundary.tryAgain","Interface copy (errorBoundary screen). Keep it short and idiomatic — this appears on a button, label or heading with limited room, so match the English length where you can.",9,"Try again",""
"ui.growthTimelapse.add2OrMoreDated","Interface copy (growthTimelapse screen). Keep it short and idiomatic — this appears on a button, label or heading with limited room, so match the English length where you can.",115,"Add 2 or more dated photos of the same plant (from its plant page) and you'll be able to play back its growth here.",""
"ui.growthTimelapse.pause","Interface copy (growthTimelapse screen). Keep it short and idiomatic — this appears on a button, label or heading with limited room, so match the English length where you can.",7,"⏸ Pause",""
"ui.growthTimelapse.playGrowth","Interface copy (growthTimelapse screen). Keep it short and idiomatic — this appears on a button, label or heading with limited room, so match the English length where you can.",13,"▶ Play growth",""
"ui.premiumLocked.weatherIntelligence","Interface copy (premiumLocked screen). Keep it short and idiomatic — this appears on a button, label or heading with limited room, so match the English length where you can.",20,"Weather Intelligence",""
"ui.premiumLocked.unlockPremiumToSeeSmart","Interface copy (premiumLocked screen). Keep it short and idiomatic — this appears on a button, label or heading with limited room, so match the English length where you can.",93,"Unlock premium to see smart weather alerts, frost risk, heat warnings, and watering guidance.",""
"ui.premiumLocked.unlockPremium","Interface copy (premiumLocked screen). Keep it short and idiomatic — this appears on a button, label or heading with limited room, so match the English length where you can.",19,"👑 Unlock Premium ›",""
"ui.smartReminderHome.smartReminders","Interface copy (smartReminderHome screen). Keep it short and idiomatic — this appears on a button, label or heading with limited room, so match the English length where you can.",15,"Smart Reminders",""
"ui.smartReminderHome.allGardenRemindersAreActive","Interface copy (smartReminderHome screen). Keep it short and idiomatic — this appears on a button, label or heading with limited room, so match the English length where you can.",31,"All garden reminders are active",""
"ui.smartReminderHome.tapToFinishSettingUp","Interface copy (smartReminderHome screen). Keep it short and idiomatic — this appears on a button, label or heading with limited room, so match the English length where you can.",34,"Tap to finish setting up reminders",""
"ui.xP.gardenProgression","Interface copy (xP screen). Keep it short and idiomatic — this appears on a button, label or heading with limited room, so match the English length where you can.",18,"Garden progression",""
"ui.xP.totalXpEarnedFromGardening","Interface copy (xP screen). Keep it short and idiomatic — this appears on a button, label or heading with limited room, so match the English length where you can.",40,"total XP earned from gardening activity.",""
"ui.xP.xpToNextLevel","Interface copy (xP screen). Keep it short and idiomatic — this appears on a button, label or heading with limited room, so match the English length where you can.",16,"XP to next level",""
"ui.dailyQuests.claimed","Interface copy (dailyQuests screen). Keep it short and idiomatic — this appears on a button, label or heading with limited room, so match the English length where you can.",11,"claimed · +",""
"ui.dailyQuests.tapToClaim","Interface copy (dailyQuests screen). Keep it short and idiomatic — this appears on a button, label or heading with limited room, so match the English length where you can.",14,", tap to claim",""
"ui.gardenHealthHome.gardenHealth","Interface copy (gardenHealthHome screen). Keep it short and idiomatic — this appears on a button, label or heading with limited room, so match the English length where you can.",16,"🌱 Garden Health",""
"ui.gardenHealthHome.openGarden","Interface copy (gardenHealthHome screen). Keep it short and idiomatic — this appears on a button, label or heading with limited room, so match the English length where you can.",13,"Open Garden →",""
"ui.monthlyChecklist.gardenChecklist","Interface copy (monthlyChecklist screen). Keep it short and idiomatic — this appears on a button, label or heading with limited room, so match the English length where you can.",16,"Garden Checklist",""
"ui.monthlyChecklist.allWrappedUp","Interface copy (monthlyChecklist screen). Keep it short and idiomatic — this appears on a button, label or heading with limited room, so match the English length where you can.",20,"· all wrapped up! 🎉",""
"ui.premiumLockedSection.premium","Interface copy (premiumLockedSection screen). Keep it short and idiomatic — this appears on a button, label or heading with limited room, so match the English length where you can.",10,"🔒 Premium",""
"ui.premiumLockedSection.unlockPremium","Interface copy (premiumLockedSection screen). Keep it short and idiomatic — this appears on a button, label or heading with limited room, so match the English length where you can.",17,"Unlock Premium 🌱",""
"ui.seasonComparison.nothingLoggedThis","Interface copy (seasonComparison screen). Keep it short and idiomatic — this appears on a button, label or heading with limited room, so match the English length where you can.",19,"Nothing logged this",""
"ui.seasonComparison.yetWaterAPlantAdd","Interface copy (seasonComparison screen). Keep it short and idiomatic — this appears on a button, label or heading with limited room, so match the English length where you can.",76,"yet. Water a plant, add a photo, or log a harvest and it'll show up here. 🌱",""
"ui.streakProgress.dayGardenStreak","Interface copy (streakProgress screen). Keep it short and idiomatic — this appears on a button, label or heading with limited room, so match the English length where you can.",18,"-day garden streak",""
"ui.streakProgress.keepOpeningPocketPlanterTo","Interface copy (streakProgress screen). Keep it short and idiomatic — this appears on a button, label or heading with limited room, so match the English length where you can.",60,"Keep opening Pocket Planter to reach your next 7-day reward.",""
"ui.weeklyWateringGrid.showing6Of","Interface copy (weeklyWateringGrid screen). Keep it short and idiomatic — this appears on a button, label or heading with limited room, so match the English length where you can.",12,"Showing 6 of",""
"ui.weeklyWateringGrid.savedPlants","Interface copy (weeklyWateringGrid screen). Keep it short and idiomatic — this appears on a button, label or heading with limited room, so match the English length where you can.",12,"saved plants",""
"ui.gardenSummaryRow.health","Interface copy (gardenSummaryRow screen). Keep it short and idiomatic — this appears on a button, label or heading with limited room, so match the English length where you can.",8,"% health",""
"ui.mostLovedPlants.watered","Interface copy (mostLovedPlants screen). Keep it short and idiomatic — this appears on a button, label or heading with limited room, so match the English length where you can.",10,"💧 Watered",""
